7,15,15,Big Smoky,Jazek Zurada,3,
25,128,127,Main Line,Joel Brown,2,
1377,149,121,Main Line 2,Joel Brown,4,
1496,32,4,Main Lines Lines,Marc Spinner,1,
2092,278,278,Main Line  3,Jazek Zurada,2,
2342,300,120,Main Line,Marc Spinner,1,
2630,190,185,Main Lines Lines 2,S.H. Mcdonall,1,
2670,84,56,Main Line,Jazek Zurada,1,
2735,516,488,Main Line 2,Jazek Zurada,2,
2754,10,10,Main Lines Lines 3,Jazek Zurada,4,
3158,168,140,Main Line 2,Marc Spinner,1,
3313,213,185,Main Line 3,Annabelle Smith,1,
4383,293,285,Little Smoky 2,Jazek Zurada,4,
5707,404,376,Main Lines Lines 3,Jazek Zurada,4,
5967,17,17,Big Smoky,Rani Alsabi,1,
6333,153,146,Big Smoky 2,Marc Spinner,3,
6376,331,320,Big Smoky 3,Marc Spinner,1,
6655,295,291,Big Smoky 2,Stan Michalski,2,
6771,210,182,Big Smoky 3,Rani Alsabi,3,
8001,162,134,Main Lines Lines 2,Rani Alsabi,4,
9001,93,65,Main Line 2,Joel Brown,3,
9028,248,220,Big Smoky 2,Rani Alsabi,3,
9449,78,50,Little Smoky 3,Joel Brown,1,
9836,208,180,Main Lines Lines 2,Rani Alsabi,2,
10443,312,284,Main Lines Lines 3,Rani Alsabi,4,
10830,81,80,Little Smoky,Rani Alsabi,2,
12634,496,468,Main Line 2,Rani Alsabi,1,
12861,326,298,Main Line 3,D. Phalamohlaka,4,
12885,64,36,Main Lines Lines,D. Phalamohlaka,2,
13785,12,12,Little Smoky,D. Phalamohlaka,4,
14155,214,208,Main Line,Annabelle Smith,4,
14243,242,214,Little Smoky 2,Marc Spinner,2,
14304,227,218,Main Lines Lines 2,Rani Alsabi,3,
14343,484,467,Big Smoky 2,Joel Brown,3,
14666,547,519,Main Line 2,D. Phalamohlaka,4,
14962,591,577,Little Smoky 3,D. Phalamohlaka,2,
15319,586,558,Main Lines Lines 3,D. Phalamohlaka,3,
15470,153,125,Big Smoky 3  ,Joel Brown,1,
15662,113,85,Little Smoky 3,D. Phalamohlaka,1,
15841,216,188,Main Line 3,Harry Chang,2,
15852,496,478,Little Smoky 3,Hongyu Chang,4,
16302,37,37,Big Smoky 3,Klaas van Dam,4,
16327,161,133,Main Lines Lines 3,Klaas van Dam,1,
16831,401,391,Little Smoky 3,Klaas van Dam,2,
17127,301,298,Big Smoky 2,D. Phalamohlaka,3,
17675,86,58,Main Lines Lines 2,Joel Brown,4,
17864,13,12,Main Lines Lines 2,Annabelle Smith,1,
17907,239,211,Main Lines Lines 3,Joel Brown,1,
18252,289,261,Big Smoky 2,Klaas van Dam,1,
18280,156,128,Little Smoky 2,Hongyu Chang,4,
18343,224,196,Big Smoky 2,Klaas van Dam,1,
18502,175,171,Big Smoky 2,Hongyu Chang,3,
19274,273,245,Little Smoky 2,Joel Brown,3,
19460,297,287,Big Smoky 2,D. Phalamohlaka,1,
19529,519,515,Main Lines Lines 3,Annabelle Smith,1,
19716,241,213,Main Line 2,Hongyu Chang,4,
19792,102,74,Main Lines Lines 3,Annabelle Smith,4,
20279,269,241,Main Line 2,Annabelle Smith,3,
20941,447,419,Little Smoky 2,Hongyu Chang,2,
21386,381,300,Little Smoky,Hongyu Chang,4,
21538,150,146,Main Lines Lines 2,Klaas van Dam,1,
21721,180,175,Main Lines Lines 2,Marc Spinner,4,
23156,150,122,Main Lines Lines 2,Marc Spinner,3,
23659,541,513,Main Lines Lines 2,Stan Michalski,1,
23723,391,377,Big Smoky 2,Stan Michalski,2,
24152,208,180,Big Smoky 2,Stan Michalski,4,
25218,265,237,Little Smoky 2,Harry Chang,1,
26176,406,396,Main Line 2,D. Phalamohlaka,1,
26380,308,280,Main Lines Lines 2,Klaas van Dam,2,
26450,298,270,Little Smoky 2,Klaas van Dam,2,
27064,219,219,Little Smoky 3,Harry Chang,3,
28629,92,92,Main Lines Lines 3,Hongyu Chang,4,
28682,135,107,Little Smoky 3,Harry Chang,2,
28714,68,65,Big Smoky 3,Klaas van Dam,4,
28819,23,10,Main Lines Lines 3,Joel Brown,1,
30486,228,200,Little Smoky 3,Rani Alsabi,2,
30858,160,159,Little Smoky 3,Marc Spinner,4,
31384,710,682,Main Line 3,Joel Brown,2,
31410,20,19,Main Line 3,Jazek Zurada,1,
31783,39,38,Big Smoky 3,Annabelle Smith,3,
31856,447,444,Main Line 3,Marc Spinner,1,
31892,123,118,Main Lines Lines 3,Stan Michalski,2,
32453,59,31,Little Smoky 3,Hongyu Chang,1,
32838,162,134,Big Smoky 3,D. Phalamohlaka,1,
32875,113,109,Main Line 3,Hongyu Chang,2,
33505,19,19,Main Lines Lines,Ann Sutherland, ,
35039,271,243,Little Smoky,Alisha Applewood,4,
35218,235,227,Main Line,M. Barack,1,
35646,269,259,Little Smoky,S. Ready,1,
36828,543,515,Big Smoky,J. Sihan,3,
36883,24,24,Main Lines Lines,Jonah Smith,4,
37217,87,83,Big Smoky,Applewood,1,
37447,200,196,Main Line,J. Sihan,1,
37515,774,752,Big Smoky,S. Ready,1,
38456,308,280,Main Line,Erik Anderson,2,
38751,549,521,Big Smoky,M. Barack,3,
38804,294,266,Main Lines Lines,Erik Anderson,1,
39209,563,557,Big Smoky,Ann Sutherland,3,
39505,324,312,Main Line,Ann Sutherland,1,
39973,684,672,Main Lines Lines,S.H. Mcdonall,3,
40280,337,322,Main Lines Lines,S.H. Mcdonall,4,
40593,140,137,Big Smoky,S.H. Mcdonall,4,
42062,473,470,Main Line,Jonah Smith,1,
42137,703,688,Main Lines Lines,Joe Brown,3,
43342,52,24,Main Line,Applewood,2,
43964,357,356,Big Smoky,Alisha Applewood,2,
44563,321,319,Big Smoky,J. Sihan,1,
45443,207,203,Main Lines Lines,Applewood,3,
46030,429,429,Main Line,S.H. Mcdonall,2,
47249,229,220,Main Lines Lines,Jonah Smith,2,
47311,596,592,Big Smoky,Ann Sutherland,1,
47447,499,471,Main Lines Lines,M. Barack,3,
47705,523,495,Main Line,S. Ready,3,
47710,354,326,Little Smoky,S. Ready,1,
47990,347,319,Main Line,M. Barack,4,
48672,116,88,Little Smoky,Ann Sutherland,1,
48695,188,160,Main Lines Lines,M. Barack,1,
49260,272,244,Big Smoky,M. Barack,1,
49686,244,216,Main Line,Alisha Applewood,1,
49997,173,145,Little Smoky,S.H. Mcdonall,4,
50607,463,441,Big Smoky,Alisha Applewood,1,
51627,615,601,Main Lines Lines,S.H. Mcdonall,3,
52022,698,670,Little Smoky,J. Sihan,3,
52045,386,358,Main Line,Alisha Applewood,3,
52452,280,269,Main Lines Lines,Erik Anderson,1,
53514,215,187,Main Line,M. Barack,1,
53646,380,367,Main Line,Jonah Smith,2,
54129,710,682,Big Smoky,M. Barack,2,
54785,94,90,Little Smoky,Jonah Smith,3,
54864,321,293,Main Lines Lines,Joe Brown,3,
55533,307,279,Big Smoky,J. Sihan,1,
55816,350,300,Little Smoky,Jonah Smith,1,
56265,191,180,Main Line,Jonah Smith,3,
56473,322,314,Little Smoky,Applewood,4,
56591,663,657,Little Smoky,Joe Brown,3,
56916,405,377,Big Smoky,S.H. Mcdonall,3,
56973,383,370,Big Smoky,Jonah Smith,4,
56975,363,335,Big Smoky,Erik Anderson,1,
57012,52,51,Little Smoky,Alisha Applewood,3,
57105,57,29,Big Smoky,Erik Anderson,3,
57149,677,600,Main Line,Jonah Smith,2,
58106,13,13,Main Line,S. Ready,1,
58964,30,19,Main Lines Lines,Jonah Smith,4,
60218,24,24,Big Smoky,M. Barack,1,
60744,56,28,Big Smoky,Joe Brown,1,
60898,564,536,Big Smoky,Alisha Applewood,2,
61029,183,179,Big Smoky,Applewood,1,
61432,110,107,Main Line,Erik Anderson,3,
61449,528,500,Little Smoky,Joe Brown,4,
61582,54,53,Main Lines Lines,J. Sihan,3,
61791,114,86,Big Smoky,Alisha Applewood,1,
61869,192,188,Main Line,Ann Sutherland,3,
61926,13,8,Little Smoky,Ann Sutherland,1,
62190,311,300,Main Lines Lines,Jonah Smith,4,
62522,10,10,Big Smoky,M. Barack,4,
62786,181,176,Main Line,Ann Sutherland,2,
63081,479,466,Little Smoky,Applewood,2,
63901,72,18,Big Smoky,Jonah Smith,4,
64203,165,137,Main Line,Ann Sutherland,4,
64744,222,216,Big Smoky,Ann Sutherland,3,
65158,164,160,Big Smoky,Jonah Smith,4,
65442,676,657,Little Smoky,Joe Brown,1,
65587,392,364,Little Smoky,S. Ready,3,
66033,777,767,Main Lines Lines,Ann Sutherland,2,
66175,409,381,Main Line,S.H. Mcdonall,1,
67025,34,34,Main Line,Applewood,4,
67669,446,418,Little Smoky,Joe Brown,1,
68157,327,299,Main Line,Alisha Applewood,1,
68467,28,28,Little Smoky,J. Sihan,2,
68749,223,195,Main Line,Applewood,1,
69176,390,362,Main Lines Lines,S.H. Mcdonall,3,
69239,76,48,Main Line,Alisha Applewood,4,
69984,253,249,Main Line,Erik Anderson,3,
70130,202,174,Big Smoky,Erik Anderson,3,
73171,145,139,Main Line,J. Sihan,2,
73563,176,172,Main Lines Lines,S.H. Mcdonall,1,
73774,48,42,Little Smoky,Jonah Smith,8,
74069,365,337,Main Line,S.H. Mcdonall,1,
74168,184,175,Main Lines Lines,Joe Brown,1,
74259,227,199,Big Smoky,Alisha Applewood,2,
74522,195,188,Big Smoky,M. Barack,4,
75220,631,603,Little Smoky,Joe Brown,4,
76881,489,461,Little Smoky,Applewood,3,
76939,63,62,Main Lines Lines,Joe Brown,3,
80275,511,483,Main Line,Erik Anderson,1,
80295,138,110,Main Lines Lines,Applewood,4,
80530,392,364,Main Line,S.H. Mcdonall,3,
80808,229,180,Little Smoky,Jonah Smith,4,
81375,342,335,Main Lines Lines,J. Sihan,2,
81686,285,277,Main Line,Alisha Applewood,4,
81833,667,644,Main Line,Ann Sutherland,3,
81928,307,296,Main Line,Ann Sutherland,4,
82284,70,42,Little Smoky,Alisha Applewood,3,
83299,90,90,Main Lines Lines,Joe Brown,4,
83592,162,134,Main Lines Lines,Applewood,4,
83716,82,54,Little Smoky,Ann Sutherland,3,
84302,357,348,Main Line,Applewood,4,
85408,381,353,Main Line,Applewood,1,
85592,132,104,Main Line,S. Ready,1,
85651,383,382,Main Lines Lines,Erik Anderson,4,
86153,466,438,Big Smoky,Applewood,2,
86385,80,76,Little Smoky,Ann Sutherland,3,
86431,130,129,Main Line,Applewood,3,
86886,280,276,Little Smoky,S.H. Mcdonall,1,
86893,593,565,Big Smoky,J. Sihan,4,
87551,398,370,Main Line,Alisha Applewood,4,
87883,495,481,Little Smoky,Erik Anderson,1,
88843,478,472,Big Smoky,Erik Anderson,4,
88985,611,589,Little Smoky,Ann Sutherland,1,
89245,312,280,Main Line,Jonah Smith,4,
90018,135,107,Main Lines Lines,Erik Anderson,2,
90505,89,61,Little Smoky,Erik Anderson,3,
90691,107,79,Big Smoky,Erik Anderson,4,
91304,125,124,Little Smoky,Ann Sutherland,3,
91306,272,244,Main Line,S.H. Mcdonall,4,
92075,74,74,Main Line,S.H. Mcdonall,4,
92341,85,57,Little Smoky,Applewood,4,
93496,309,281,Main Lines Lines,S. Ready,3,
93786,85,57,Main Lines Lines,Erik Anderson,1,
93804,46,18,Little Smoky,Erik Anderson,1,
94025,35,20,Main Line,Ann Sutherland,4,
94129,737,729,Big Smoky,S.H. Mcdonall,3,
94392,371,343,Big Smoky,Ann Sutherland,1,
95050,658,636,Main Line,Applewood,3,
95726,732,704,Little Smoky,Erik Anderson,1,
96245,339,339,Little Smoky,S.H. Mcdonall,1,
96941,226,222,Big Smoky,S. Ready,2,
97008,273,267,Big Smoky,Alisha Applewood,4,
97389,9,3,Big Smoky,Erik Anderson,1,
97971,27,2,Main Line,S.H. Mcdonall,3,
98160,140,139,Main Lines Lines,S. Ready,4,
98178,377,349,Main Line,M. Barack,2,
99160,647,629,Main Lines Lines,Alisha Applewood,4,
99432,632,604,Main Lines Lines,S. Ready,2,
99851,237,236,Big Smoky,Applewood,4,
99858,714,686,Main Line,J. Sihan,1,
99867,95,93,Main Line,S.H. Mcdonall,3,
99870,256,255,Main Lines Lines,Alisha Applewood,2,
100657,307,300,Main Line,Ann Sutherland,4,
101847,50,40,Big Smoky,Jonah Smith,3,
102077,134,106,Main Lines Lines,Alisha Applewood,3,
102127,250,245,Main Lines Lines,Erik Anderson,4,
102491,172,144,Big Smoky,Ann Sutherland,3,
102954,268,258,Little Smoky,S.H. Mcdonall,2,
103129,518,495,Little Smoky,S. Ready,3,
103302,320,306,Main Line,Joe Brown,1,
103473,279,251,Little Smoky,Ann Sutherland,2,
103536,150,122,Main Line,Applewood,4,
103566,505,477,Main Line,S. Ready,3,
104534,14,12,Little Smoky,Applewood,4,
105259,66,38,Main Line,S.H. Mcdonall,2,
106036,80,78,Main Line,J. Sihan,4,
106533,142,138,Main Line,J. Sihan,2,
106651,143,115,Big Smoky,J. Sihan,1,
106829,36,36,Little Smoky,S. Ready,2,
107719,201,193,Main Lines Lines,J. Sihan,2,
107763,615,587,Main Lines Lines,Alisha Applewood,2,
108595,58,58,Big Smoky,Alisha Applewood,4,
109274,283,255,Big Smoky,Alisha Applewood,3,
109617,599,571,Main Line,S. Ready,4,
109741,32,21,Big Smoky,Ann Sutherland,2,
109865,76,48,Big Smoky,Ann Sutherland,3,
109907,250,222,Little Smoky,Ann Sutherland,1,
110157,699,671,Main Line,S.H. Mcdonall,3,
110300,88,86,Main Lines Lines,J. Sihan,2,
110359,482,454,Little Smoky,M. Barack,1,
110851,119,91,Big Smoky,Erik Anderson,3,
111110,21,21,Main Line,Erik Anderson,1,
113129,51,23,Main Lines Lines,Erik Anderson,1,
113151,466,461,Main Lines Lines,M. Barack,1,
113991,163,135,Main Lines Lines,Joe Brown,1,
114617,178,176,Big Smoky,Joe Brown,4,
115194,487,466,Main Line,S.H. Mcdonall,2,
115962,249,221,Big Smoky,J. Sihan,4,
116301,70,42,Little Smoky,Alisha Applewood,4,
118554,500,489,Main Lines Lines,Erik Anderson,3,
118835,112,109,Big Smoky,Erik Anderson,4,
119729,209,181,Main Lines Lines,S. Ready,4,
120138,299,292,Little Smoky,Ann Sutherland,1,
120382,727,700,Main Lines Lines,Jonah Smith,1,
121834,350,347,Main Lines Lines,S. Ready,2,
121928,458,430,Main Lines Lines,M. Barack,4,
121964,257,254,Big Smoky,Joe Brown,2,
122188,636,613,Main Line,S. Ready,3,
122573,223,195,Little Smoky,Erik Anderson,2,
122823,322,294,Main Lines Lines,Erik Anderson,4,
123328,214,186,Main Line,Erik Anderson,1,
124228,712,684,Big Smoky,Applewood,2,
124836,99,98,Big Smoky,M. Barack,2,
125211,275,247,Main Lines Lines,S. Ready,4,
126464,205,177,Big Smoky,Applewood,2,
127829,679,662,Main Lines Lines,Erik Anderson,2,
127851,233,205,Main Lines Lines,Joe Brown,2,
127941,42,14,Main Line,S. Ready,3,
129809,165,157,Main Lines Lines,Joe Brown,2,
130016,316,288,Main Lines Lines,J. Sihan,3,
130197,235,228,Main Lines Lines,S.H. Mcdonall,3,
130806,130,102,Big Smoky,Alisha Applewood,2,
131693,22,22,Main Line,S. Ready,2,
132173,210,209,Big Smoky,Erik Anderson,3,
133053,457,448,Big Smoky,S. Ready,1,
133274,316,288,Main Lines Lines,Ann Sutherland,2,
133381,314,313,Main Line,Joe Brown,3,
133948,110,110,Little Smoky,Ann Sutherland,4,
134615,85,57,Main Line,M. Barack,2,
135145,82,81,Main Lines Lines,Joe Brown,3,
135420,507,479,Main Line,Erik Anderson,1,
136107,661,649,Main Line,Joe Brown,2,
136150,221,193,Main Line,Ann Sutherland,3,
136231,208,180,Big Smoky,Applewood,1,
137328,39,39,Big Smoky,J. Sihan,4,
137674,694,666,Main Lines Lines,Erik Anderson,3,
137992,10,10,Big Smoky,J. Sihan,2,
138236,473,445,Main Lines Lines,S.H. Mcdonall,3,
138516,283,208,Main Lines Lines,Jonah Smith,1,
139153,112,84,Main Lines Lines,J. Sihan,4,
139862,51,23,Big Smoky,Ann Sutherland,1,
140431,81,81,Main Lines Lines,S. Ready,4,
140459,477,449,Little Smoky,M. Barack,1,
140753,96,68,Little Smoky,M. Barack,4,
140821,308,280,Main Line,Joe Brown,3,
141335,630,607,Big Smoky,Alisha Applewood,3,
141861,158,150,Little Smoky,Jonah Smith,4,
142502,438,410,Big Smoky,S.H. Mcdonall,1,
142674,272,263,Little Smoky,Joe Brown,1,
142789,233,223,Main Line,M. Barack,1,
143447,65,37,Big Smoky,S. Ready,2,
144020,35,34,Main Lines Lines,S.H. Mcdonall,4,
144375,306,278,Main Line,Alisha Applewood,3,
144505,296,289,Big Smoky,Applewood,1,
146026,260,253,Big Smoky,Jonah Smith,3,
146071,243,215,Main Line,Erik Anderson,2,
146184,246,246,Main Lines Lines,Alisha Applewood,3,
146371,145,117,Big Smoky,J. Sihan,4,
146851,400,383,Big Smoky,S. Ready,1,
147694,315,287,Main Line,S.H. Mcdonall,3,
148803,493,493,Big Smoky,Erik Anderson,4,
149810,379,351,Main Lines Lines,Alisha Applewood,3,
149892,130,128,Big Smoky,S.H. Mcdonall,1,
149897,301,299,Main Lines Lines,Ann Sutherland,3,
150127,12,24,Main Line,M. Barack,1,
150784,34,34,Big Smoky,Applewood,4,
151559,250,200,Big Smoky,Jonah Smith,1,
151683,247,237,Big Smoky,Alisha Applewood,4,
152129,325,297,Main Line,Applewood,2,
152162,108,80,Main Lines Lines,J. Sihan,2,
152441,728,700,Main Lines Lines,J. Sihan,4,
152555,667,639,Big Smoky,J. Sihan,3,
152618,160,157,Main Line,Ann Sutherland,2,
153403,155,148,Big Smoky,S.H. Mcdonall,3,
153406,157,151,Main Lines Lines,J. Sihan,3,
153515,91,63,Little Smoky,S.H. Mcdonall,4,
155515,267,239,Main Line,Applewood,1,
156965,136,120,Main Lines Lines,Jonah Smith,2,
157254,204,194,Main Line,Applewood,1,
157272,325,297,Little Smoky,S.H. Mcdonall,1,
158267,77,49,Main Lines Lines,M. Barack,2,
159247,669,641,Main Line,Ann Sutherland,3,
159249,361,344,Big Smoky,Erik Anderson,1,
159357,311,297,Main Line,Applewood,3,
159549,537,549,Main Line,Jonah Smith,4,
161595,174,174,Big Smoky,S.H. Mcdonall,2,
161611,52,51,Big Smoky,J. Sihan,3,
161668,529,513,Main Line,Applewood,2,
161762,431,403,Main Line,J. Sihan,4,
162112,402,374,Little Smoky,S. Ready,1,
163514,23,12,Little Smoky,J. Sihan,3,
164303,187,159,Little Smoky,Ann Sutherland,2,
164549,324,296,Main Line,S. Ready,2,
164611,146,130,Main Lines Lines,Jonah Smith,4,
164723,291,263,Main Line,M. Barack,2,
165394,268,240,Little Smoky,J. Sihan,4,
165775,124,96,Main Line,J. Sihan,1,
166093,274,262,Little Smoky,S. Ready,2,
166191,572,557,Little Smoky,S.H. Mcdonall,2,
166503,568,556,Main Lines Lines,Ann Sutherland,4,
166661,243,235,Main Line,S.H. Mcdonall,2,
166709,684,656,Little Smoky,Erik Anderson,2,
167210,246,200,Main Line,Jonah Smith,4,
168046,506,506,Little Smoky,M. Barack,3,
168422,125,100,Main Line,Jonah Smith,1,
168848,230,202,Big Smoky,Applewood,3,
169055,83,55,Little Smoky,M. Barack,3,
169272,159,158,Big Smoky,Applewood,3,
169553,312,312,Main Lines Lines,Ann Sutherland,4,
169625,91,63,Main Lines Lines,Alisha Applewood,3,
169684,295,267,Main Lines Lines,S.H. Mcdonall,1,
169783,123,118,Main Line,Alisha Applewood,1,
171505,376,348,Little Smoky,Ann Sutherland,4,
171730,623,595,Little Smoky,S. Ready,1,
171946,282,254,Main Line,Alisha Applewood,1,
172239,104,101,Big Smoky,S.H. Mcdonall,4,
172383,531,513,Big Smoky,J. Sihan,4,
172522,40,12,Big Smoky,S. Ready,3,
172668,409,398,Main Line,S.H. Mcdonall,2,
172808,553,525,Big Smoky,Erik Anderson,1,
172870,476,467,Main Lines Lines,J. Sihan,3,
173296,229,201,Main Lines Lines,M. Barack,4,
173720,100,20,Little Smoky,Jonah Smith,4,
173946,318,310,Main Lines Lines,Ann Sutherland,2,
174255,118,90,Main Line,Joe Brown,2,
174300,-210,-207,Main Line,Jonah Smith,4,
174658,360,347,Big Smoky,S. Ready,3,
174819,273,245,Big Smoky,Alisha Applewood,3,
175433,161,133,Big Smoky,J. Sihan,3,
175901,95,67,Main Line,Alisha Applewood,4,
175957,537,512,Main Line,Joe Brown,4,
176003,253,244,Big Smoky,Joe Brown,1,
176402,210,210,Main Lines Lines,S. Ready,4,
176467,496,300,Little Smoky,Jonah Smith,4,
176467,496,400,Little Smoky,Jonah Smith,4,
176784,159,152,Big Smoky,Applewood,4,
177070,227,199,Main Line,Applewood,4,
177464,159,131,Main Line,Applewood,3,
177500,697,500,Main Line,Jonah Smith,3,
177639,37,35,Main Line,Erik Anderson,2,
177641,477,474,Main Line,M. Barack,3,
180100,275,263,Main Lines Lines,Erik Anderson,1,
180320,206,178,Main Lines Lines,Applewood,4,
180416,218,190,Little Smoky,Ann Sutherland,2,
181277,292,264,Main Lines Lines,Joe Brown,2,
181400,722,694,Main Lines Lines,J. Sihan,3,
181662,28,12,Main Lines Lines,S.H. Mcdonall,3,
181675,407,379,Main Line,J. Sihan,3,
181747,412,384,Big Smoky,M. Barack,1,
182925,509,485,Big Smoky,Alisha Applewood,1,
183126,235,207,Little Smoky,Ann Sutherland,1,
183821,219,191,Main Lines Lines,M. Barack,3,
184273,44,44,Main Lines Lines,Ann Sutherland,1,
184557,184,178,Big Smoky,Erik Anderson,3,
185102,462,410,Main Line,Jonah Smith,3,
185872,271,243,Main Line,S.H. Mcdonall,3,
186753,489,485,Main Lines Lines,Ann Sutherland,2,
187294,627,608,Little Smoky,S. Ready,4,
187429,640,612,Main Line,Ann Sutherland,1,
188671,160,152,Main Line,Alisha Applewood,2,
188719,312,284,Little Smoky,Joe Brown,4,
190827,46,46,Main Line,S. Ready,1,
191092,230,202,Little Smoky,Erik Anderson,3,
191285,52,50,Main Lines Lines,Ann Sutherland,3,
191593,45,17,Big Smoky,J. Sihan,2,
192947,688,683,Main Line,S. Ready,3,
193132,290,262,Main Lines Lines,Joe Brown,1,
195890,160,132,Main Lines Lines,S.H. Mcdonall,1,
196742,340,328,Little Smoky,Alisha Applewood,2,
196836,151,147,Big Smoky,Joe Brown,1,
196916,169,141,Main Line,S.H. Mcdonall,3,
198723,55,27,Main Lines Lines,M. Barack,4,
198840,250,222,Main Line,S.H. Mcdonall,3,
198889,128,100,Main Line,Jonah Smith,4,
199033,114,86,Little Smoky,Ann Sutherland,3,
199882,329,301,Main Line,J. Sihan,1,
200440,101,80,Big Smoky,Jonah Smith,2,
200852,475,450,Little Smoky,Jonah Smith,1,
201205,43,42,Main Line,Joe Brown,1,
201949,386,358,Main Lines Lines,Joe Brown,3,
202921,23,12,Little Smoky,Alisha Applewood,1,
204686,84,56,Big Smoky,J. Sihan,3,
205070,309,281,Little Smoky,S.H. Mcdonall,1,
205183,297,269,Big Smoky,S.H. Mcdonall,4,
205871,274,246,Main Line,Alisha Applewood,2,
206201,413,398,Main Lines Lines,S. Ready,3,
207002,285,257,Main Line,Applewood,2,
208169,117,89,Little Smoky,Joe Brown,2,
208393,57,57,Main Line,Joe Brown,3,
208471,378,350,Big Smoky,Ann Sutherland,4,
209142,10,10,Main Lines Lines,J. Sihan,3,
209210,480,461,Main Line,Erik Anderson,4,
209265,143,115,Little Smoky,J. Sihan,3,
209872,123,95,Main Lines Lines,J. Sihan,3,
210243,230,202,Little Smoky,S. Ready,1,
210244,181,160,Main Lines Lines,Jonah Smith,2,
210341,62,34,Little Smoky,Alisha Applewood,1,
210807,189,180,Little Smoky,M. Barack,4,
212448,740,712,Main Line,Alisha Applewood,4,
212585,169,141,Main Lines Lines,S. Ready,1,
213470,491,471,Little Smoky,Alisha Applewood,4,
213984,121,121,Big Smoky,M. Barack,3,
214153,424,300,Main Line,Jonah Smith,1,
215018,67,66,Little Smoky,Applewood,1,
215086,107,103,Main Line,M. Barack,2,
215486,227,199,Main Lines Lines,Alisha Applewood,4,
216326,620,592,Main Lines Lines,M. Barack,4,
217430,29,11,Little Smoky,J. Sihan,3,
217481,77,77,Main Lines Lines,Joe Brown,1,
217832,315,308,Little Smoky,S.H. Mcdonall,2,
217951,406,300,Main Line,Jonah Smith,4,
218809,430,402,Big Smoky,S.H. Mcdonall,4,
218990,132,104,Big Smoky,S.H. Mcdonall,4,
219373,116,100,Little Smoky,Jonah Smith,4,
219391,285,275,Main Line,Joe Brown,3,
219536,422,394,Little Smoky,Joe Brown,2,
219589,230,222,Big Smoky,S. Ready,3,
219630,324,300,Little Smoky,Jonah Smith,2,
219856,23,10,Little Smoky,J. Sihan,4,
219860,202,174,Main Line,Alisha Applewood,1,
220177,173,172,Little Smoky,Alisha Applewood,3,
220537,16,12,Little Smoky,S.H. Mcdonall,1,
220695,100,72,Main Line,J. Sihan,3,
221362,122,94,Main Lines Lines,Erik Anderson,3,
221931,480,450,Big Smoky,Jonah Smith,2,
222447,89,89,Big Smoky,Alisha Applewood,3,
222770,320,292,Main Line,Joe Brown,2,
223033,193,185,Big Smoky,Applewood,2,
223091,201,200,Big Smoky,Erik Anderson,3,
223466,431,431,Big Smoky,Applewood,2,
223577,298,270,Little Smoky,Joe Brown,3,
225030,138,110,Main Line,Applewood,4,
225506,250,245,Main Lines Lines,S. Ready,4,
225968,39,39,Main Lines Lines,Joe Brown,2,
226039,226,198,Main Lines Lines,M. Barack,4,
226062,311,311,Little Smoky,J. Sihan,4,
226218,23,7,Main Lines Lines,Erik Anderson,3,
226433,106,78,Big Smoky,S. Ready,1,
226570,375,300,Big Smoky,Jonah Smith,4,
226573,180,179,Main Lines Lines,S. Ready,1,
226731,14,14,Big Smoky,S.H. Mcdonall,3,
227564,96,68,Main Line,M. Barack,3,
228992,27,6,Main Line,S. Ready,1,
229239,278,267,Big Smoky,M. Barack,3,
229374,586,565,Little Smoky,Applewood,2,
229846,23,10,Main Line,M. Barack,4,
230451,87,59,Main Line,Applewood,1,
230768,254,226,Main Line,J. Sihan,4,
230938,173,145,Main Lines Lines,Applewood,3,
231044,54,50,Main Line,Jonah Smith,2,
231056,396,389,Little Smoky,Jonah Smith,4,
231319,53,34,Main Lines Lines,Jonah Smith,2,
231393,66,38,Big Smoky,Ann Sutherland,4,
231539,195,190,Little Smoky,Jonah Smith,2,
233415,82,78,Main Lines Lines,Joe Brown,1,
233670,700,672,Big Smoky,Jonah Smith,1,
235408,249,221,Big Smoky,Applewood,4,
235508,417,400,Main Lines Lines,M. Barack,1,
235944,607,599,Main Lines Lines,Joe Brown,3,
236075,305,277,Little Smoky,M. Barack,4,
236244,416,397,Little Smoky,Ann Sutherland,3,
236347,198,197,Little Smoky,M. Barack,1,
236483,745,719,Main Line,Joe Brown,3,
236668,223,214,Main Lines Lines,Alisha Applewood,4,
237517,569,567,Main Lines Lines,Joe Brown,2,
238315,395,367,Main Lines Lines,J. Sihan,3,
239479,97,69,Main Line,S. Ready,4,
240035,444,433,Big Smoky,J. Sihan,2,
240792,108,105,Little Smoky,Applewood,4,
241437,519,504,Main Line,Ann Sutherland,3,
241590,30,30,Little Smoky,Erik Anderson,1,
241711,453,451,Little Smoky,M. Barack,1,
242029,41,13,Main Line,Erik Anderson,2,
242071,124,123,Main Lines Lines,S. Ready,1,
242352,165,158,Main Line,Applewood,3,
242366,198,197,Big Smoky,Alisha Applewood,4,
242416,164,136,Main Line,J. Sihan,4,
242635,298,295,Main Lines Lines,Joe Brown,1,
242730,303,275,Little Smoky,Ann Sutherland,3,
243198,516,488,Little Smoky,Ann Sutherland,2,
243998,725,50,Big Smoky,Jonah Smith,4,
246699,112,111,Main Lines Lines,Erik Anderson,3,
246751,12,2,Main Line,Erik Anderson,1,
246999,343,315,Main Line,Ann Sutherland,1,
247104,142,114,Main Line,Joe Brown,2,
247122,328,321,Main Lines Lines,S.H. Mcdonall,1,
248433,36,35,Big Smoky,S.H. Mcdonall,2,
248998,338,326,Big Smoky,M. Barack,3,
249470,473,470,Little Smoky,Alisha Applewood,2,
249516,367,339,Big Smoky,J. Sihan,3,
250527,237,209,Little Smoky,Erik Anderson,4,
250758,84,56,Main Line,Alisha Applewood,2,
250951,127,120,Little Smoky,Jonah Smith,1,
252041,630,623,Little Smoky,Erik Anderson,1,
252433,386,375,Big Smoky,S.H. Mcdonall,1,
252866,224,222,Little Smoky,S.H. Mcdonall,4,
252938,290,281,Main Line,Ann Sutherland,1,
253596,58,30,Main Line,Ann Sutherland,2,
253620,82,54,Little Smoky,Applewood,4,
253752,169,167,Main Lines Lines,S. Ready,4,
253834,237,226,Big Smoky,Applewood,1,
253865,73,45,Main Line,S.H. Mcdonall,4,
254344,149,146,Main Lines Lines,Alisha Applewood,3,
254470,388,360,Little Smoky,Joe Brown,3,
254933,132,104,Main Line,Joe Brown,3,
255164,712,684,Little Smoky,M. Barack,2,
256840,330,302,Main Line,Joe Brown,3,
257553,148,30,Main Lines Lines,Jonah Smith,1,
257923,100,72,Main Line,S.H. Mcdonall,3,
258465,135,131,Little Smoky,S.H. Mcdonall,3,
259008,612,599,Main Lines Lines,S.H. Mcdonall,3,
259142,238,232,Big Smoky,S. Ready,3,
259430,156,20,Little Smoky,Jonah Smith,1,
260150,227,220,Main Line,S.H. Mcdonall,2,
260207,516,400,Main Lines Lines,Jonah Smith,4,
260671,671,643,Big Smoky,S.H. Mcdonall,1,
261027,377,372,Big Smoky,Applewood,2,
261107,688,658,Big Smoky,Applewood,4,
262090,299,271,Big Smoky,Erik Anderson,4,
262920,60,58,Main Line,Erik Anderson,3,
263023,151,148,Big Smoky,S. Ready,3,
263194,713,692,Main Lines Lines,S. Ready,3,
263299,255,227,Main Lines Lines,M. Barack,3,
263434,140,134,Big Smoky,J. Sihan,4,
263603,616,597,Main Lines Lines,Alisha Applewood,1,
263787,68,67,Main Lines Lines,S. Ready,1,
264183,173,172,Little Smoky,Alisha Applewood,2,
264524,138,110,Big Smoky,Joe Brown,3,
265209,67,39,Big Smoky,Erik Anderson,2,
265764,23,15,Big Smoky,Applewood,4,
265817,599,599,Big Smoky,Erik Anderson,3,
266451,608,580,Main Line,M. Barack,2,
266900,640,611,Main Lines Lines,Ann Sutherland,1,
267619,175,175,Main Lines Lines,Alisha Applewood,1,
268636,616,588,Main Lines Lines,Ann Sutherland,3,
269754,368,352,Big Smoky,Joe Brown,4,
269766,308,298,Main Lines Lines,Erik Anderson,4,
270250,128,100,Main Lines Lines,S. Ready,1,
270495,325,316,Main Line,J. Sihan,3,
271167,162,160,Main Line,Ann Sutherland,2,
271301,754,700,Little Smoky,Jonah Smith,3,
271974,262,234,Little Smoky,Joe Brown,1,
272750,26,5,Main Lines Lines,J. Sihan,3,
272801,187,159,Main Lines Lines,S.H. Mcdonall,1,
272802,204,197,Big Smoky,S. Ready,2,
273147,86,58,Big Smoky,Erik Anderson,3,
273677,474,446,Main Lines Lines,Erik Anderson,1,
273790,747,720,Main Line,S. Ready,4,
274077,125,97,Big Smoky,J. Sihan,2,
274215,268,267,Main Line,Alisha Applewood,3,
274495,471,443,Little Smoky,Erik Anderson,1,
275329,319,291,Little Smoky,S. Ready,3,
275430,81,78,Little Smoky,M. Barack,3,
276924,162,155,Little Smoky,S. Ready,3,
277155,74,73,Big Smoky,S.H. Mcdonall,3,
277726,284,272,Little Smoky,S. Ready,1,
277766,110,82,Big Smoky,J. Sihan,1,
279787,89,61,Little Smoky,J. Sihan,4,
282014,457,437,Main Line,S.H. Mcdonall,4,
282133,47,19,Big Smoky,S. Ready,2,
282281,17,10,Main Lines Lines,Jonah Smith,4,
282346,528,504,Main Lines Lines,Joe Brown,2,
283863,626,605,Big Smoky,Applewood,1,
284276,172,164,Little Smoky,S.H. Mcdonall,1,
285416,642,600,Little Smoky,Jonah Smith,3,
285632,323,295,Main Line,Joe Brown,4,
286116,469,460,Big Smoky,Applewood,1,
286498,234,206,Main Lines Lines,S.H. Mcdonall,1,
286863,296,294,Little Smoky,S. Ready,1,
287457,520,492,Little Smoky,Erik Anderson,4,
287675,455,427,Little Smoky,S. Ready,4,
287912,74,46,Main Line,Alisha Applewood,4,
288938,78,50,Big Smoky,Ann Sutherland,2,
289814,225,197,Main Line,J. Sihan,1,
290850,231,224,Main Lines Lines,Alisha Applewood,3,
290950,162,159,Little Smoky,S. Ready,3,
291243,246,201,Little Smoky,Jonah Smith,2,
292596,117,89,Little Smoky,Ann Sutherland,3,
292911,334,321,Little Smoky,Joe Brown,4,
293323,505,477,Big Smoky,Ann Sutherland,4,
293376,95,67,Little Smoky,Ann Sutherland,3,
293471,227,199,Main Lines Lines,S. Ready,1,
293485,576,556,Big Smoky,Ann Sutherland,2,
293670,470,468,Little Smoky,M. Barack,4,
294114,14,14,Little Smoky,J. Sihan,4,
294352,134,130,Main Line,J. Sihan,4,
294353,393,365,Big Smoky,Applewood,1,
294466,299,289,Little Smoky,Ann Sutherland,3,
294884,268,240,Little Smoky,Ann Sutherland,3,
295980,385,374,Little Smoky,S. Ready,3,
296540,119,91,Little Smoky,Applewood,4,
296615,710,694,Main Lines Lines,Erik Anderson,3,
296717,212,210,Main Lines Lines,Applewood,1,
296906,117,117,Little Smoky,Joe Brown,1,
297464,543,515,Little Smoky,S.H. Mcdonall,3,
298238,224,196,Little Smoky,Applewood,4,
298904,188,160,Main Lines Lines,S.H. Mcdonall,2,
299214,418,390,Main Line,M. Barack,2,
299960,143,115,Big Smoky,J. Sihan,1,
299988,505,477,Big Smoky,M. Barack,4,
300674,155,153,Big Smoky,Ann Sutherland,3,
300878,186,184,Little Smoky,Ann Sutherland,3,
301242,411,120,Main Lines Lines,Jonah Smith,2,
301463,104,103,Main Lines Lines,Joe Brown,4,
301949,388,360,Big Smoky,Joe Brown,1,
301993,387,300,Main Line,Jonah Smith,3,
302451,254,248,Main Line,M. Barack,3,
303057,48,47,Main Line,S.H. Mcdonall,4,
303455,265,237,Main Line,S. Ready,1,
303861,165,163,Little Smoky,Applewood,1,
304525,432,415,Little Smoky,S. Ready,1,
304526,217,211,Main Lines Lines,Erik Anderson,2,
305789,12,4,Main Lines Lines,Erik Anderson,2,
306406,161,133,Big Smoky,Alisha Applewood,3,
306965,170,142,Little Smoky,Joe Brown,4,
307053,124,122,Little Smoky,Erik Anderson,2,
307130,264,236,Main Line,M. Barack,1,
307735,329,301,Little Smoky,S.H. Mcdonall,4,
308338,115,87,Little Smoky,Applewood,3,
308422,181,181,Little Smoky,M. Barack,3,
308714,156,128,Main Lines Lines,M. Barack,2,
309613,188,160,Little Smoky,J. Sihan,1,
309663,223,200,Main Lines Lines,Jonah Smith,1,
310015,54,54,Little Smoky,Applewood,3,
310220,300,288,Main Lines Lines,J. Sihan,3,
310683,187,181,Big Smoky,S. Ready,1,
310698,138,100,Big Smoky,Jonah Smith,1,
310874,473,445,Main Line,Applewood,1,
310980,657,656,Main Lines Lines,M. Barack,2,
311250,14,14,Main Lines Lines,S.H. Mcdonall,2,
311300,201,173,Main Lines Lines,Ann Sutherland,2,
311404,702,674,Little Smoky,S.H. Mcdonall,4,
311948,31,30,Main Line,Jonah Smith,2,
312053,290,287,Main Lines Lines,Joe Brown,1,
312910,64,64,Little Smoky,M. Barack,1,
313310,56,28,Main Lines Lines,S.H. Mcdonall,2,
313370,547,519,Little Smoky,Applewood,1,
313538,387,369,Main Lines Lines,J. Sihan,2,
313763,294,266,Little Smoky,S.H. Mcdonall,4,
314337,10,10,Big Smoky,Ann Sutherland,3,
314459,27,1,Little Smoky,Erik Anderson,4,
314691,297,210,Little Smoky,Jonah Smith,4,
314829,65,37,Little Smoky,Erik Anderson,4,
314966,142,114,Main Line,Joe Brown,2,
315422,443,415,Little Smoky,S.H. Mcdonall,4,
315660,123,119,Main Line,Joe Brown,1,
316294,13,12,Little Smoky,S. Ready,4,
316440,144,138,Main Lines Lines,Ann Sutherland,2,
316884,84,56,Little Smoky,Alisha Applewood,2,
316926,107,104,Main Line,Applewood,4,
317796,204,197,Big Smoky,Joe Brown,4,
318288,216,216,Main Lines Lines,S.H. Mcdonall,4,
318402,224,196,Main Line,S. Ready,2,
318489,231,226,Big Smoky,Joe Brown,1,
318614,314,286,Main Line,Ann Sutherland,1,
318867,302,292,Little Smoky,S. Ready,3,
319560,142,114,Little Smoky,Alisha Applewood,3,
321022,454,436,Main Lines Lines,J. Sihan,2,
321250,132,104,Main Lines Lines,S.H. Mcdonall,2,
322551,699,671,Little Smoky,Erik Anderson,4,
322600,38,38,Little Smoky,Joe Brown,3,
323507,16,16,Main Lines Lines,M. Barack,3,
323788,702,684,Big Smoky,Applewood,2,
324044,326,298,Big Smoky,M. Barack,3,
324772,384,356,Little Smoky,Joe Brown,4,
327593,376,348,Main Lines Lines,Ann Sutherland,3,
327886,39,39,Little Smoky,Applewood,2,
328852,364,357,Little Smoky,Erik Anderson,3,
328941,23,14,Main Line,Applewood,4,
329164,166,159,Little Smoky,Erik Anderson,3,
329521,257,229,Little Smoky,S. Ready,1,
329641,71,43,Little Smoky,J. Sihan,3,
329861,333,100,Little Smoky,Jonah Smith,2,
329880,167,139,Little Smoky,Joe Brown,3,
329990,452,440,Little Smoky,S.H. Mcdonall,1,
329998,333,333,Little Smoky,S. Ready,3,
330077,306,295,Big Smoky,Joe Brown,3,
330177,210,182,Main Line,J. Sihan,4,
331665,72,70,Little Smoky,Applewood,3,
331843,91,91,Big Smoky,S. Ready,3,
332154,25,25,Main Lines Lines,M. Barack,2,
332981,142,141,Main Lines Lines,Applewood,1,
333026,233,20,Main Line,Jonah Smith,1,
333190,240,234,Main Line,Erik Anderson,1,
333498,284,284,Little Smoky,Joe Brown,2,
333714,310,282,Main Line,Erik Anderson,1,
334217,440,423,Main Lines Lines,Joe Brown,1,
335052,336,30,Main Line,Jonah Smith,4,
335773,342,314,Little Smoky,J. Sihan,2,
335805,131,103,Main Line,Applewood,3,
336325,244,216,Main Line,Erik Anderson,3,
336494,217,214,Big Smoky,J. Sihan,2,
337719,148,120,Big Smoky,S.H. Mcdonall,4,
337786,55,54,Main Line,Erik Anderson,4,
338211,489,461,Big Smoky,S. Ready,1,
338603,392,120,Little Smoky,Jonah Smith,2,
338949,418,390,Big Smoky,M. Barack,2,
339227,211,183,Big Smoky,S. Ready,3,
340323,228,220,Main Line,M. Barack,2,
340459,48,46,Little Smoky,Applewood,4,
340652,59,57,Big Smoky,Alisha Applewood,4,
341047,231,230,Main Line,Applewood,2,
341749,411,383,Big Smoky,M. Barack,4,
341827,231,221,Little Smoky,Applewood,1,
342252,392,364,Main Line,Joe Brown,1,
342978,154,126,Big Smoky,Erik Anderson,2,
343013,84,84,Big Smoky,Erik Anderson,2,
343484,226,198,Main Lines Lines,M. Barack,3,
344505,512,505,Big Smoky,Applewood,4,
344535,344,338,Main Line,S.H. Mcdonall,1,
344743,357,329,Main Lines Lines,Erik Anderson,1,
344815,157,129,Main Lines Lines,S.H. Mcdonall,3,
345392,277,249,Main Lines Lines,Erik Anderson,2,
345673,376,348,Big Smoky,Ann Sutherland,4,
345729,49,21,Little Smoky,S.H. Mcdonall,1,
346891,33,12,Main Lines Lines,Jonah Smith,3,
347100,16,15,Main Line,Alisha Applewood,1,
347786,308,302,Big Smoky,M. Barack,3,
348594,187,159,Main Lines Lines,Erik Anderson,3,
349334,267,239,Main Line,S.H. Mcdonall,2,
349827,378,378,Main Line,Erik Anderson,3,
349830,38,10,Little Smoky,M. Barack,2,Does not exist
350375,92,64,Big Smoky,Ann Sutherland,3,
351175,36,30,Main Lines Lines,Jonah Smith,3,
351610,405,404,Main Line,Ann Sutherland,3,
351967,48,48,Big Smoky,M. Barack,3,
352330,216,188,Main Lines Lines,J. Sihan,1,
353051,23,21,Little Smoky,Joe Brown,3,
353150,217,189,Big Smoky,S.H. Mcdonall,4,
354116,279,278,Main Line,Applewood,2,
354432,378,350,Main Line,Alisha Applewood,1,
355081,621,593,Big Smoky,Alisha Applewood,2,
355819,33,10,Main Line,S.H. Mcdonall,1,
355963,384,356,Main Lines Lines,Ann Sutherland,4,
356985,353,338,Little Smoky,Erik Anderson,4,
357096,382,380,Little Smoky,Joe Brown,1,
357226,355,327,Main Lines Lines,J. Sihan,3,
359068,160,132,Little Smoky,S.H. Mcdonall,4,
361200,89,61,Main Line,Ann Sutherland,1,
361784,50,48,Main Line,S. Ready,2,
361819,116,88,Main Lines Lines,Ann Sutherland,2,
362199,463,443,Main Lines Lines,Erik Anderson,4,
362553,25,25,Main Line,M. Barack,3,
362582,114,86,Big Smoky,Erik Anderson,4,
362873,207,207,Main Line,J. Sihan,4,
363341,20,19,Main Line,M. Barack,4,
363657,50,22,Main Line,Ann Sutherland,2,
363991,482,454,Big Smoky,S. Ready,1,
364009,447,446,Main Lines Lines,Joe Brown,4,
364801,14,10,Little Smoky,Jonah Smith,4,
364972,58,58,Main Line,Ann Sutherland,4,
365059,234,206,Big Smoky,Applewood,4,
365168,299,271,Main Line,Joe Brown,1,
365320,324,296,Main Lines Lines,Alisha Applewood,2,
365376,67,65,Main Lines Lines,S.H. Mcdonall,2,
365922,39,11,Big Smoky,Joe Brown,1,
366612,25,12,Main Lines Lines,Alisha Applewood,4,
367280,344,120,Big Smoky,Jonah Smith,4,
367828,162,155,Big Smoky,Joe Brown,3,
368264,57,29,Little Smoky,J. Sihan,3,
368920,217,189,Big Smoky,S. Ready,4,
369105,183,182,Main Lines Lines,Alisha Applewood,1,
370037,777,756,Big Smoky,Erik Anderson,4,
370897,80,52,Little Smoky,Alisha Applewood,3,
370942,179,151,Big Smoky,Joe Brown,4,
371754,268,240,Main Line,S.H. Mcdonall,1,
372014,474,453,Little Smoky,Applewood,4,
372121,643,615,Big Smoky,Alisha Applewood,1,
372378,276,248,Little Smoky,M. Barack,1,
372534,104,76,Little Smoky,Applewood,1,
372780,284,256,Little Smoky,Alisha Applewood,2,
373285,307,296,Main Lines Lines,Applewood,1,
373787,51,51,Main Line,S. Ready,4,
373846,123,119,Main Line,Joe Brown,1,
374566,521,400,Main Lines Lines,Jonah Smith,2,
374952,213,211,Little Smoky,Applewood,3,
376097,61,33,Main Line,S. Ready,2,
376339,316,312,Big Smoky,M. Barack,2,
376990,34,33,Big Smoky,Alisha Applewood,2,
377907,90,86,Main Line,Ann Sutherland,1,
378055,177,169,Big Smoky,J. Sihan,2,
378165,172,168,Main Line,S. Ready,1,
379096,368,359,Main Lines Lines,Joe Brown,3,
379198,279,277,Little Smoky,Joe Brown,4,
380061,196,168,Main Lines Lines,Erik Anderson,1,
380131,656,628,Main Line,M. Barack,2,
380209,361,333,Little Smoky,Applewood,1,
380655,105,77,Little Smoky,Applewood,2,
381803,607,579,Main Lines Lines,J. Sihan,1,
381941,146,141,Little Smoky,S.H. Mcdonall,2,
382131,250,200,Little Smoky,Jonah Smith,4,
382169,250,248,Big Smoky,Alisha Applewood,2,
382624,93,50,Big Smoky,Jonah Smith,3,
382778,575,547,Big Smoky,M. Barack,2,
384283,313,312,Big Smoky,S. Ready,1,
384382,140,135,Little Smoky,Erik Anderson,2,
386221,210,182,Main Line,Alisha Applewood,3,
386665,145,117,Big Smoky,Joe Brown,3,
386821,362,334,Main Line,Applewood,3,
387422,101,101,Little Smoky,Alisha Applewood,4,
387785,140,139,Main Line,Alisha Applewood,3,
387825,176,148,Little Smoky,Erik Anderson,1,
388561,70,67,Main Line,M. Barack,4,
389493,643,626,Main Lines Lines,Joe Brown,2,
390407,288,284,Big Smoky,Ann Sutherland,1,
391298,105,77,Little Smoky,Applewood,1,
391432,457,429,Main Line,Alisha Applewood,3,
391991,340,334,Little Smoky,Erik Anderson,4,
392620,72,44,Main Lines Lines,S.H. Mcdonall,2,
392834,134,106,Main Line,Applewood,3,
393714,432,404,Main Line,Joe Brown,4,
393742,296,289,Main Line,Erik Anderson,3,
394414,15,13,Big Smoky,M. Barack,3,
394977,724,704,Big Smoky,Alisha Applewood,1,
395051,97,69,Big Smoky,Joe Brown,1,
398194,76,64,Main Line,Jonah Smith,4,
398195,427,399,Main Line,M. Barack,3,
398637,472,467,Main Lines Lines,J. Sihan,4,
399185,191,189,Little Smoky,Alisha Applewood,2,
399199,121,93,Main Lines Lines,Applewood,4,
399237,42,34,Big Smoky,Jonah Smith,2,
399301,756,729,Little Smoky,Applewood,1,
399599,276,248,Little Smoky,J. Sihan,2,
399829,166,138,Big Smoky,Applewood,1,
401805,14,14,Main Line,Applewood,3,
402088,543,450,Main Line,Jonah Smith,2,
402834,22,22,Big Smoky,Erik Anderson,3,
403921,682,661,Little Smoky,Applewood,1,
404257,76,48,Little Smoky,S.H. Mcdonall,1,
404970,54,10,Big Smoky,Jonah Smith,4,
405464,452,424,Little Smoky,Erik Anderson,1,
405577,28,2,Main Line,Erik Anderson,1,
406296,670,642,Little Smoky,Ann Sutherland,3,
406495,393,365,Little Smoky,Joe Brown,1,
406507,141,139,Little Smoky,Erik Anderson,4,
407122,39,38,Little Smoky,Applewood,1,
407135,164,136,Big Smoky,M. Barack,4,
408072,351,335,Little Smoky,Applewood,2,
408611,325,322,Main Line,J. Sihan,2,
409328,173,145,Little Smoky,S. Ready,1,
409554,40,12,Main Lines Lines,S. Ready,3,
409969,118,114,Big Smoky,M. Barack,4,
410768,68,65,Big Smoky,Applewood,2,
412299,434,406,Little Smoky,Erik Anderson,3,
412752,419,411,Little Smoky,Ann Sutherland,1,
413299,185,185,Main Lines Lines,S.H. Mcdonall,2,
414076,122,94,Main Line,J. Sihan,3,
414761,283,255,Main Lines Lines,Joe Brown,2,
414791,500,491,Little Smoky,S. Ready,4,
414899,168,161,Little Smoky,M. Barack,4,
414962,256,228,Big Smoky,Erik Anderson,4,
415325,29,23,Main Line,Ann Sutherland,3,
415568,150,150,Big Smoky,Ann Sutherland,1,
415629,102,101,Little Smoky,J. Sihan,3,
415785,332,329,Little Smoky,J. Sihan,2,
416100,453,441,Little Smoky,Applewood,3,
416373,206,200,Main Line,S. Ready,4,
416471,277,277,Main Lines Lines,Ann Sutherland,4,
416506,449,421,Little Smoky,J. Sihan,3,
417154,140,112,Main Line,Erik Anderson,1,
417864,249,221,Main Line,Applewood,2,
418087,266,256,Main Lines Lines,S.H. Mcdonall,3,
418442,180,152,Main Line,J. Sihan,2,
418675,171,165,Main Line,S. Ready,3,
419980,239,200,Main Lines Lines,Jonah Smith,2,
420321,219,217,Main Line,Applewood,1,
420758,106,103,Big Smoky,Erik Anderson,2,
421390,380,352,Main Lines Lines,Joe Brown,4,
421790,189,161,Big Smoky,Joe Brown,1,
422002,573,561,Main Line,M. Barack,3,
422448,71,70,Big Smoky,Jonah Smith,3,
422472,307,279,Main Lines Lines,Joe Brown,2,
422746,107,106,Big Smoky,J. Sihan,2,
423122,796,768,Little Smoky,S. Ready,1,
424382,303,299,Main Lines Lines,Joe Brown,3,
424469,265,262,Main Lines Lines,Alisha Applewood,1,
425297,96,96,Big Smoky,Applewood,3,
425847,116,101,Big Smoky,Jonah Smith,4,
426378,355,200,Big Smoky,Jonah Smith,2,
426659,424,421,Main Lines Lines,Alisha Applewood,1,
426683,332,329,Little Smoky,M. Barack,1,
426964,64,62,Big Smoky,Alisha Applewood,3,
427221,92,64,Big Smoky,Erik Anderson,4,
428252,19,3,Main Line,S. Ready,4,
428479,162,134,Little Smoky,Applewood,2,
428656,718,714,Little Smoky,S. Ready,3,
428978,174,173,Little Smoky,S. Ready,3,
429271,145,117,Little Smoky,Applewood,3,
429823,261,233,Main Line,J. Sihan,2,
430732,310,282,Little Smoky,S.H. Mcdonall,1,
431017,89,89,Little Smoky,Alisha Applewood,2,
431035,362,351,Big Smoky,Ann Sutherland,3,
432036,247,246,Main Line,Joe Brown,2,
432074,511,494,Big Smoky,S.H. Mcdonall,3,
432096,535,507,Big Smoky,Erik Anderson,2,
432778,296,289,Little Smoky,Ann Sutherland,4,
433046,71,43,Big Smoky,Alisha Applewood,2,
434337,123,95,Little Smoky,J. Sihan,2,
434621,361,333,Little Smoky,Joe Brown,4,
435102,245,244,Little Smoky,Alisha Applewood,1,
435153,276,265,Main Lines Lines,S. Ready,4,
435276,55,14,Main Line,Jonah Smith,2,
435746,231,203,Main Lines Lines,S. Ready,1,
435814,13,13,Main Lines Lines,M. Barack,3,
436117,239,237,Main Line,Alisha Applewood,4,
436528,284,256,Main Lines Lines,M. Barack,3,
436754,114,86,Main Lines Lines,S.H. Mcdonall,1,
436760,376,348,Main Line,J. Sihan,3,
437731,106,103,Main Line,S.H. Mcdonall,4,
437810,329,301,Main Lines Lines,Erik Anderson,4,
438075,676,653,Big Smoky,Applewood,2,
439011,34,12,Main Line,J. Sihan,2,
439901,214,186,Main Line,Ann Sutherland,1,
440146,242,238,Main Lines Lines,M. Barack,4,
440243,204,196,Main Lines Lines,Erik Anderson,3,
440861,166,164,Main Line,Erik Anderson,1,
442914,327,299,Main Line,S.H. Mcdonall,1,
443505,188,160,Main Line,Joe Brown,1,
443880,39,38,Main Line,S. Ready,4,
443944,316,312,Big Smoky,S. Ready,2,
443959,221,215,Big Smoky,Alisha Applewood,3,
444469,484,456,Little Smoky,Erik Anderson,3,
445924,122,94,Big Smoky,Ann Sutherland,4,
446303,32,4,Main Lines Lines,S.H. Mcdonall,2,
446477,107,79,Little Smoky,Applewood,4,
446549,641,635,Little Smoky,J. Sihan,3,
447002,275,247,Main Lines Lines,Erik Anderson,1,
447284,334,334,Big Smoky,Joe Brown,3,
448393,213,185,Little Smoky,S. Ready,1,
448671,208,180,Little Smoky,J. Sihan,1,
448992,361,347,Little Smoky,Erik Anderson,3,
449125,267,239,Little Smoky,Ann Sutherland,1,
451289,187,160,Big Smoky,Jonah Smith,3,
451388,699,452,Main Lines Lines,Jonah Smith,1,
452160,490,462,Main Line,S.H. Mcdonall,4,
452185,473,451,Little Smoky,Alisha Applewood,2,
452192,43,43,Main Lines Lines,Ann Sutherland,1,
452856,165,159,Main Line,S. Ready,2,
453441,218,190,Main Line,Applewood,4,
453474,75,74,Main Lines Lines,S.H. Mcdonall,2,
453583,171,143,Main Lines Lines,Joe Brown,1,
454115,383,372,Main Lines Lines,M. Barack,4,
454229,440,412,Big Smoky,Joe Brown,1,
454273,121,118,Big Smoky,S.H. Mcdonall,2,
454353,417,389,Main Line,M. Barack,4,
455449,431,413,Big Smoky,Ann Sutherland,4,
455609,359,300,Main Line,Jonah Smith,3,
456081,460,457,Little Smoky,Ann Sutherland,3,
456224,255,227,Main Line,Ann Sutherland,3,
456595,272,271,Main Lines Lines,Erik Anderson,4,
457285,69,69,Big Smoky,Ann Sutherland,3,
457287,323,309,Little Smoky,Alisha Applewood,2,
457372,132,104,Big Smoky,Joe Brown,2,
458970,367,339,Main Lines Lines,Joe Brown,4,
459179,491,469,Big Smoky,S.H. Mcdonall,2,
459280,437,409,Big Smoky,Applewood,3,
460711,194,194,Big Smoky,J. Sihan,4,
460832,428,400,Little Smoky,Jonah Smith,1,
460944,274,246,Little Smoky,J. Sihan,3,
461000,714,686,Little Smoky,S.H. Mcdonall,4,
461006,77,49,Main Line,Alisha Applewood,3,
461363,784,766,Main Line,S. Ready,1,
461980,18,18,Little Smoky,S. Ready,2,
462903,390,362,Little Smoky,S.H. Mcdonall,1,
462914,500,497,Main Line,S.H. Mcdonall,1,
463181,118,117,Main Lines Lines,Joe Brown,3,
464748,412,140,Main Line,Jonah Smith,4,
465476,359,351,Main Lines Lines,S. Ready,2,
465519,16,16,Little Smoky,M. Barack,3,
465570,255,227,Main Lines Lines,Erik Anderson,2,
465662,141,134,Big Smoky,Jonah Smith,4,
466006,704,686,Main Line,Applewood,3,
466046,283,255,Little Smoky,Ann Sutherland,3,
466884,213,209,Little Smoky,Ann Sutherland,2,
466907,88,70,Main Lines Lines,Jonah Smith,2,
467062,180,179,Little Smoky,S.H. Mcdonall,2,
467146,351,346,Main Line,Applewood,4,
467262,116,112,Big Smoky,Applewood,2,
467967,262,234,Main Lines Lines,Alisha Applewood,4,
468248,361,300,Big Smoky,Jonah Smith,2,
468498,55,55,Main Line,S.H. Mcdonall,3,
468830,123,122,Main Lines Lines,Alisha Applewood,1,
468928,66,38,Main Line,S. Ready,1,
469880,64,36,Big Smoky,S. Ready,3,
470391,526,498,Main Line,Alisha Applewood,4,
470631,476,458,Big Smoky,Joe Brown,3,
470777,627,542,Big Smoky,Jonah Smith,3,
470963,132,130,Little Smoky,S.H. Mcdonall,4,
471184,216,213,Main Lines Lines,J. Sihan,3,
471615,381,372,Main Lines Lines,J. Sihan,3,
471673,468,130,Main Lines Lines,Jonah Smith,3,
471802,168,140,Main Line,Joe Brown,4,
471879,625,597,Main Lines Lines,M. Barack,1,
473028,203,201,Big Smoky,Erik Anderson,2,
473084,112,107,Main Lines Lines,M. Barack,4,
473716,112,84,Big Smoky,J. Sihan,1,
474087,54,26,Little Smoky,M. Barack,3,
474629,770,742,Big Smoky,S.H. Mcdonall,4,
474730,406,399,Little Smoky,Erik Anderson,1,
475828,182,154,Main Line,M. Barack,2,
476439,585,557,Little Smoky,Ann Sutherland,1,
477090,238,210,Little Smoky,Ann Sutherland,4,
477401,71,43,Main Line,Alisha Applewood,2,
477704,346,340,Little Smoky,Erik Anderson,2,
477945,341,333,Main Lines Lines,Alisha Applewood,1,
478617,23,24,Little Smoky,J. Sihan,1,
478631,266,261,Little Smoky,Ann Sutherland,2,
479292,49,49,Main Line,S.H. Mcdonall,1,
479474,170,169,Main Lines Lines,Applewood,3,
479658,21,21,Big Smoky,Erik Anderson,2,
480122,182,154,Main Lines Lines,M. Barack,1,
480686,238,238,Little Smoky,M. Barack,2,
481190,264,236,Little Smoky,Alisha Applewood,4,
481526,304,301,Main Lines Lines,Applewood,4,
482042,318,312,Big Smoky,Alisha Applewood,4,
482504,179,151,Main Line,Alisha Applewood,4,
482544,304,303,Main Lines Lines,Alisha Applewood,3,
483072,141,135,Big Smoky,Erik Anderson,4,
483155,303,299,Little Smoky,J. Sihan,4,
484050,194,166,Main Lines Lines,M. Barack,2,
484361,434,406,Little Smoky,M. Barack,4,
484914,135,100,Main Line,Jonah Smith,3,
485754,195,167,Main Line,M. Barack,4,
485943,80,79,Main Lines Lines,Ann Sutherland,2,
486465,29,29,Main Line,Joe Brown,1,
486550,448,420,Big Smoky,S. Ready,3,
487409,288,260,Big Smoky,Applewood,2,
487649,96,92,Main Line,Alisha Applewood,3,
488546,208,201,Big Smoky,M. Barack,2,
488759,169,100,Big Smoky,Jonah Smith,3,
488770,180,176,Main Lines Lines,J. Sihan,4,
489191,131,126,Main Line,S.H. Mcdonall,3,
490077,691,663,Main Lines Lines,Joe Brown,1,
490186,111,34,Main Line,Jonah Smith,1,
491126,121,120,Main Line,S.H. Mcdonall,1,
491226,141,140,Little Smoky,Alisha Applewood,4,
491608,283,278,Main Lines Lines,Ann Sutherland,2,
492208,123,10,Main Lines Lines,Ann Sutherland,1,
492368,218,190,Little Smoky,J. Sihan,1,
492472,223,215,Big Smoky,Ann Sutherland,4,
492699,272,244,Main Line,Erik Anderson,3,
492920,10,10,Main Line,J. Sihan,2,
492930,315,302,Main Lines Lines,Jonah Smith,2,
494574,116,88,Main Lines Lines,S. Ready,2,
494923,715,704,Main Line,J. Sihan,1,
495381,178,150,Big Smoky,J. Sihan,3,
495513,415,387,Main Line,Erik Anderson,4,
496274,57,29,Big Smoky,Erik Anderson,2,
496452,575,547,Main Lines Lines,J. Sihan,4,
496471,355,410,Main Line,Jonah Smith,4,
496905,130,125,Main Lines Lines,J. Sihan,4,
497034,332,327,Big Smoky,J. Sihan,1,
497036,661,633,Big Smoky,M. Barack,2,
497798,241,213,Little Smoky,Joe Brown,4,
497864,58,30,Main Lines Lines,J. Sihan,4,
498100,718,702,Main Line,Applewood,2,
498516,208,160,Little Smoky,Jonah Smith,3,
498816,458,438,Main Lines Lines,Applewood,1,
499401,40,50,Main Line,Jonah Smith,2,
499660,111,83,Main Lines Lines,Erik Anderson,3,
499662,72,44,Main Lines Lines,Applewood,4,
499745,665,642,Big Smoky,J. Sihan,3,
500160,257,249,Main Lines Lines,S.H. Mcdonall,1,
500803,463,435,Main Lines Lines,J. Sihan,2,
501459,637,608,Main Lines Lines,M. Barack,3,
501711,502,483,Big Smoky,Joe Brown,4,
502357,270,261,Big Smoky,Erik Anderson,2,
503247,34,34,Big Smoky,Joe Brown,4,
503451,29,27,Big Smoky,Applewood,2,
503638,53,25,Little Smoky,S. Ready,4,
503813,316,288,Main Lines Lines,Erik Anderson,1,
504054,567,539,Main Lines Lines,Ann Sutherland,4,
505301,142,114,Big Smoky,Ann Sutherland,2,
505427,186,184,Big Smoky,Alisha Applewood,1,
505586,94,66,Big Smoky,Joe Brown,3,
505792,325,315,Big Smoky,M. Barack,4,
505960,188,182,Main Line,Ann Sutherland,4,
506350,150,60,Little Smoky,Jonah Smith,2,
506366,577,549,Main Lines Lines,J. Sihan,3,
507221,215,187,Main Lines Lines,S. Ready,4,
507408,205,196,Little Smoky,M. Barack,4,
507715,152,149,Little Smoky,Alisha Applewood,3,
508365,726,692,Big Smoky,Applewood,4,
508441,252,246,Little Smoky,Joe Brown,2,
509302,230,219,Main Lines Lines,Applewood,2,
509600,210,182,Main Line,Alisha Applewood,3,
510479,185,157,Main Lines Lines,Applewood,1,
510676,12,14,Main Lines Lines,Ann Sutherland,4,
510787,23,12,Main Lines Lines,Ann Sutherland,4,
512013,326,312,Big Smoky,Erik Anderson,3,
512142,161,140,Big Smoky,Jonah Smith,2,
512650,144,116,Little Smoky,Alisha Applewood,3,
512826,36,8,Main Lines Lines,S. Ready,2,
513023,23,23,Main Lines Lines,S.H. Mcdonall,2,
513089,130,102,Main Lines Lines,Alisha Applewood,1,
514194,405,377,Main Lines Lines,J. Sihan,2,
514651,372,366,Big Smoky,J. Sihan,1,
514779,189,188,Little Smoky,Erik Anderson,1,
514963,211,207,Main Lines Lines,S.H. Mcdonall,3,
515521,196,195,Main Line,Ann Sutherland,3,
515896,188,188,Little Smoky,Applewood,2,
515928,296,268,Main Line,M. Barack,2,
516353,322,294,Big Smoky,Erik Anderson,1,
516500,289,275,Main Line,M. Barack,3,
516507,661,632,Big Smoky,Alisha Applewood,4,
517178,495,493,Little Smoky,S.H. Mcdonall,3,
517386,432,404,Big Smoky,S.H. Mcdonall,3,
518165,420,401,Main Line,S. Ready,3,
518527,295,287,Little Smoky,Joe Brown,1,
518589,232,204,Main Line,J. Sihan,3,
520035,249,238,Little Smoky,S.H. Mcdonall,4,
520752,393,365,Main Lines Lines,M. Barack,1,
521353,66,65,Main Line,Erik Anderson,1,
521611,728,700,Little Smoky,M. Barack,1,
521678,52,43,Main Lines Lines,Jonah Smith,1,
522791,56,28,Little Smoky,Ann Sutherland,4,
522808,21,20,Big Smoky,Alisha Applewood,1,
522823,12,12,Big Smoky,Applewood,4,
523336,562,557,Little Smoky,S.H. Mcdonall,4,
523553,265,237,Big Smoky,J. Sihan,3,
523958,703,672,Main Lines Lines,J. Sihan,4,
524149,80,80,Little Smoky,Ann Sutherland,1,
524432,232,204,Big Smoky,Erik Anderson,4,
524440,270,242,Little Smoky,Applewood,3,
524442,95,94,Little Smoky,Erik Anderson,3,
526009,250,222,Main Line,Erik Anderson,1,
526062,218,217,Big Smoky,S. Ready,2,
526184,627,599,Big Smoky,Joe Brown,2,
526531,429,416,Little Smoky,S. Ready,2,
526585,100,80,Main Lines Lines,Jonah Smith,4,
526661,217,189,Main Line,Joe Brown,3,
527418,48,20,Main Lines Lines,Erik Anderson,1,
527989,242,214,Main Line,S.H. Mcdonall,3,
528235,181,153,Main Lines Lines,S.H. Mcdonall,4,
528598,515,487,Main Line,Alisha Applewood,1,
529124,706,678,Big Smoky,Alisha Applewood,1,
529539,23,23,Big Smoky,Ann Sutherland,2,
530296,275,247,Little Smoky,S.H. Mcdonall,1,
530589,439,438,Little Smoky,S. Ready,4,
530997,446,441,Main Lines Lines,Erik Anderson,1,
531516,394,385,Little Smoky,M. Barack,4,
531877,57,57,Little Smoky,Applewood,4,
532167,703,694,Main Lines Lines,Ann Sutherland,2,
532868,452,439,Little Smoky,S. Ready,1,
533523,325,297,Main Line,Ann Sutherland,2,
533576,768,733,Main Line,J. Sihan,1,
533584,279,210,Big Smoky,Jonah Smith,1,
533639,248,220,Big Smoky,Joe Brown,4,
535534,490,462,Main Line,Joe Brown,3,
535831,48,48,Main Lines Lines,Alisha Applewood,2,
536280,104,76,Big Smoky,M. Barack,2,
537179,89,88,Big Smoky,S. Ready,1,
539028,98,80,Main Line,Jonah Smith,1,
539362,135,107,Little Smoky,Applewood,1,
539429,309,307,Main Line,Alisha Applewood,2,
539788,250,230,Big Smoky,Jonah Smith,4,
539915,158,153,Main Lines Lines,Ann Sutherland,1,
540015,265,237,Big Smoky,M. Barack,2,
540282,755,754,Main Lines Lines,M. Barack,1,
541543,369,367,Main Line,M. Barack,2,
541999,183,155,Main Lines Lines,M. Barack,2,
542013,594,578,Little Smoky,Applewood,4,
542296,295,283,Main Line,Ann Sutherland,4,
542589,61,33,Big Smoky,Alisha Applewood,3,
542794,62,59,Main Line,S.H. Mcdonall,2,
543081,335,320,Main Lines Lines,Erik Anderson,4,
543401,282,281,Main Line,Erik Anderson,3,
544190,19,19,Big Smoky,Joe Brown,2,
544353,107,79,Main Lines Lines,Joe Brown,3,
544543,367,300,Little Smoky,Jonah Smith,1,
544588,398,385,Main Lines Lines,M. Barack,4,
544629,118,10,Little Smoky,Jonah Smith,4,
545526,267,239,Big Smoky,S.H. Mcdonall,4,
545589,307,279,Main Lines Lines,M. Barack,3,
545684,599,571,Little Smoky,Ann Sutherland,1,
545713,233,120,Little Smoky,Jonah Smith,2,
546805,309,302,Main Line,M. Barack,4,
546883,65,63,Main Lines Lines,Alisha Applewood,3,
547776,469,441,Main Line,M. Barack,4,
547780,396,396,Main Lines Lines,M. Barack,1,
549223,34,34,Main Lines Lines,Applewood,3,
549234,12,7,Little Smoky,Erik Anderson,4,
549645,519,519,Main Lines Lines,Applewood,4,
549768,3,2,Main Lines Lines,S.H. Mcdonall,1,
550652,49,49,Big Smoky,Alisha Applewood,4,
550692,672,644,Little Smoky,Ann Sutherland,1,
551079,212,184,Main Lines Lines,Erik Anderson,1,
551613,214,214,Little Smoky,M. Barack,2,
551686,371,343,Main Lines Lines,S.H. Mcdonall,4,
551946,419,407,Main Line,Alisha Applewood,2,
552258,538,527,Main Line,Ann Sutherland,2,
552770,453,425,Main Line,S.H. Mcdonall,4,
552823,20,20,Little Smoky,J. Sihan,1,
552924,90,88,Big Smoky,Erik Anderson,4,
554018,200,194,Main Lines Lines,Alisha Applewood,2,
554488,336,335,Big Smoky,M. Barack,2,
554873,155,127,Little Smoky,S.H. Mcdonall,2,
555360,367,365,Little Smoky,Alisha Applewood,4,
557186,42,41,Big Smoky,S. Ready,2,
557778,262,255,Big Smoky,Erik Anderson,1,
558223,81,53,Big Smoky,Alisha Applewood,2,
558736,205,170,Big Smoky,Jonah Smith,1,
558752,191,188,Little Smoky,M. Barack,4,
559107,383,368,Big Smoky,S.H. Mcdonall,3,
559292,494,466,Main Lines Lines,J. Sihan,2,
559547,256,228,Main Line,M. Barack,4,
559603,308,307,Little Smoky,Joe Brown,4,
560171,105,105,Main Lines Lines,Ann Sutherland,1,
560405,275,247,Little Smoky,Applewood,3,
560405,450,436,Main Lines Lines,Alisha Applewood,4,
560429,115,111,Main Line,Alisha Applewood,1,
560588,301,273,Main Lines Lines,Ann Sutherland,2,
561191,426,425,Main Line,Applewood,4,
561193,530,506,Little Smoky,Ann Sutherland,4,
561502,328,300,Little Smoky,Joe Brown,4,
561783,94,66,Main Line,S. Ready,2,
562089,10,10,Main Line,Ann Sutherland,3,
562435,693,687,Main Line,S.H. Mcdonall,2,
563343,299,30,Main Lines Lines,Jonah Smith,3,
563856,184,176,Main Lines Lines,Erik Anderson,1,
563946,23,22,Big Smoky,Ann Sutherland,2,
564233,399,395,Main Lines Lines,Erik Anderson,3,
564280,294,280,Main Lines Lines,M. Barack,3,
564526,303,298,Little Smoky,Ann Sutherland,4,
564644,99,97,Little Smoky,M. Barack,3,
564847,107,103,Big Smoky,Erik Anderson,3,
565037,244,216,Big Smoky,Joe Brown,3,
565325,60,40,Little Smoky,Jonah Smith,3,
565599,676,660,Main Line,Alisha Applewood,2,
565952,225,197,Little Smoky,S.H. Mcdonall,3,
566885,138,110,Big Smoky,Applewood,2,
567042,75,47,Little Smoky,Joe Brown,2,
567396,95,91,Main Line,M. Barack,2,
567750,253,225,Main Lines Lines,S. Ready,1,
567943,324,310,Big Smoky,Erik Anderson,3,
568634,53,25,Little Smoky,J. Sihan,4,
568667,417,389,Main Line,Alisha Applewood,4,
568949,259,249,Little Smoky,S.H. Mcdonall,1,
569408,138,110,Main Line,J. Sihan,1,
569498,195,167,Little Smoky,J. Sihan,3,
569639,199,198,Big Smoky,J. Sihan,3,
569667,329,326,Little Smoky,Ann Sutherland,1,
569825,302,293,Main Lines Lines,Erik Anderson,1,
569952,105,102,Little Smoky,Erik Anderson,1,
570692,301,301,Big Smoky,J. Sihan,1,
571293,34,33,Main Line,M. Barack,1,
572025,41,13,Main Line,Ann Sutherland,2,
572121,21,21,Little Smoky,Joe Brown,3,
572364,422,418,Little Smoky,Alisha Applewood,4,
572580,50,48,Main Line,Jonah Smith,2,
572602,479,473,Main Line,J. Sihan,2,
572845,360,332,Main Lines Lines,Ann Sutherland,1,
572995,111,107,Main Line,S. Ready,4,
573004,123,10,Big Smoky,Joe Brown,2,
573110,22,14,Little Smoky,Erik Anderson,1,
573517,83,55,Little Smoky,Ann Sutherland,1,
573831,62,60,Big Smoky,S. Ready,4,
574314,271,243,Little Smoky,J. Sihan,1,
574417,353,325,Little Smoky,Alisha Applewood,1,
574835,26,3,Little Smoky,M. Barack,3,
576008,744,713,Big Smoky,Joe Brown,2,
576715,394,393,Big Smoky,Alisha Applewood,3,
577586,226,217,Main Line,Erik Anderson,1,
577784,99,71,Main Line,Ann Sutherland,2,
578846,83,81,Main Lines Lines,M. Barack,3,
579043,26,4,Little Smoky,Applewood,1,
579713,281,274,Big Smoky,S. Ready,2,
581534,231,230,Main Line,M. Barack,1,
583095,316,309,Main Lines Lines,S. Ready,4,
583545,171,143,Big Smoky,Joe Brown,4,
583699,477,449,Main Lines Lines,Applewood,2,
584120,673,650,Main Line,M. Barack,1,
584911,72,44,Big Smoky,M. Barack,4,
585806,272,244,Little Smoky,S.H. Mcdonall,1,
586733,66,64,Little Smoky,Ann Sutherland,3,
586877,87,83,Main Line,M. Barack,2,
587255,620,620,Main Lines Lines,S. Ready,4,
588328,498,493,Little Smoky,Ann Sutherland,3,
588330,20,12,Main Line,S. Ready,4,
589321,203,195,Main Lines Lines,S. Ready,1,
589777,253,225,Big Smoky,Alisha Applewood,1,
590532,351,323,Main Line,Alisha Applewood,4,
590626,50,22,Main Line,Joe Brown,3,
590752,262,256,Main Line,M. Barack,3,
591921,245,234,Big Smoky,S.H. Mcdonall,1,
592118,316,314,Main Line,Erik Anderson,2,
593828,402,402,Main Line,S. Ready,2,
594614,275,247,Little Smoky,S.H. Mcdonall,1,
594633,147,120,Big Smoky,Jonah Smith,1,
594675,58,30,Big Smoky,Erik Anderson,1,
595539,254,250,Main Line,J. Sihan,2,
595744,150,150,Main Line,Erik Anderson,3,
595753,58,30,Main Lines Lines,S. Ready,2,
596308,248,220,Little Smoky,J. Sihan,1,
596616,64,64,Main Lines Lines,S.H. Mcdonall,4,
596984,83,55,Main Line,M. Barack,3,
597178,33,33,Main Lines Lines,S.H. Mcdonall,3,
598136,245,238,Main Lines Lines,Joe Brown,1,
598769,134,106,Big Smoky,J. Sihan,1,
598814,267,262,Main Line,S. Ready,3,
599547,74,73,Main Lines Lines,Joe Brown,1,
599723,81,60,Main Lines Lines,Jonah Smith,4,
600390,448,400,Main Lines Lines,Jonah Smith,2,
601246,146,120,Big Smoky,Jonah Smith,1,
601411,284,276,Main Lines Lines,Erik Anderson,3,
601520,386,358,Main Line,Joe Brown,2,
601616,148,120,Main Lines Lines,Ann Sutherland,3,
601803,191,163,Main Line,M. Barack,4,
601842,655,632,Little Smoky,S.H. Mcdonall,3,
601891,139,134,Main Line,S. Ready,2,
602141,399,120,Main Line,Jonah Smith,2,
602145,636,402,Main Lines Lines,Jonah Smith,1,
603530,284,256,Main Line,J. Sihan,3,
603711,295,267,Big Smoky,S.H. Mcdonall,2,
603718,225,197,Big Smoky,M. Barack,3,
604008,205,177,Little Smoky,S. Ready,4,
604063,38,15,Main Line,Jonah Smith,4,
604645,25,13,Main Line,Applewood,2,
605182,316,288,Main Lines Lines,Ann Sutherland,1,
605781,483,455,Main Line,S.H. Mcdonall,1,
606356,666,638,Main Line,Erik Anderson,4,
607189,240,212,Big Smoky,Ann Sutherland,2,
607607,73,73,Big Smoky,S. Ready,4,
607974,170,165,Big Smoky,Applewood,3,
608197,448,420,Main Line,J. Sihan,3,
608348,229,201,Little Smoky,S.H. Mcdonall,4,
608953,110,65,Big Smoky,Jonah Smith,3,
609115,229,201,Little Smoky,Ann Sutherland,3,
609309,481,469,Big Smoky,Alisha Applewood,4,
609411,328,300,Big Smoky,M. Barack,4,
609663,704,676,Main Lines Lines,Erik Anderson,1,
609956,143,120,Main Lines Lines,Jonah Smith,4,
610974,63,61,Main Lines Lines,Alisha Applewood,4,
612285,131,125,Main Line,S.H. Mcdonall,1,
613084,73,45,Little Smoky,Joe Brown,4,
614118,574,556,Main Line,Applewood,1,
614188,170,167,Little Smoky,Joe Brown,2,
614710,677,666,Little Smoky,Joe Brown,1,
614717,645,621,Little Smoky,Joe Brown,3,
614881,297,269,Big Smoky,M. Barack,3,
615347,352,280,Main Line,Jonah Smith,1,
615469,177,149,Little Smoky,Alisha Applewood,2,
615970,320,292,Main Line,Ann Sutherland,3,
616052,508,495,Main Lines Lines,M. Barack,4,
616456,265,237,Main Lines Lines,S.H. Mcdonall,2,
616520,162,159,Main Lines Lines,Applewood,2,
616874,100,99,Big Smoky,M. Barack,1,
617094,370,366,Big Smoky,J. Sihan,3,
617332,494,466,Little Smoky,Joe Brown,4,
617759,615,587,Main Line,J. Sihan,3,
618070,63,35,Little Smoky,Joe Brown,4,
618860,428,400,Main Lines Lines,S.H. Mcdonall,2,
619198,189,161,Big Smoky,M. Barack,1,
619676,259,231,Main Line,S.H. Mcdonall,4,
620641,80,77,Big Smoky,J. Sihan,3,
621498,486,458,Main Lines Lines,Applewood,1,
621683,79,51,Main Line,Erik Anderson,1,
623134,87,83,Main Line,S. Ready,1,
623582,269,262,Little Smoky,S. Ready,3,
623817,238,210,Main Lines Lines,S.H. Mcdonall,4,
624428,219,191,Little Smoky,M. Barack,3,
625318,283,283,Big Smoky,M. Barack,3,
625913,5,0,Little Smoky,Jonah Smith,4,
626684,308,200,Big Smoky,Jonah Smith,2,
627384,169,141,Main Lines Lines,S.H. Mcdonall,4,
627657,22,14,Big Smoky,Alisha Applewood,2,
628083,672,644,Little Smoky,Joe Brown,1,
629531,17,17,Little Smoky,Ann Sutherland,3,
631176,176,175,Little Smoky,S. Ready,4,
631201,259,231,Big Smoky,S. Ready,1,
631418,184,156,Little Smoky,Erik Anderson,3,
631959,362,334,Little Smoky,Applewood,1,
632606,114,86,Big Smoky,S.H. Mcdonall,3,
632705,168,140,Little Smoky,Ann Sutherland,3,
633184,262,210,Big Smoky,Jonah Smith,1,
633356,144,144,Main Lines Lines,Joe Brown,2,
633357,449,421,Big Smoky,Alisha Applewood,3,
634401,244,216,Little Smoky,S. Ready,2,
634494,403,392,Little Smoky,J. Sihan,1,
634742,469,441,Main Line,M. Barack,2,
635345,103,102,Main Lines Lines,Ann Sutherland,1,
635592,479,451,Little Smoky,Alisha Applewood,3,
635811,246,238,Main Lines Lines,J. Sihan,2,
635998,69,69,Main Line,S.H. Mcdonall,2,
636005,332,304,Main Line,Ann Sutherland,2,
637472,261,233,Main Line,M. Barack,2,
637675,244,216,Main Lines Lines,S. Ready,4,
637711,231,203,Little Smoky,S. Ready,1,
638074,539,521,Big Smoky,Applewood,4,
638919,167,139,Main Lines Lines,Applewood,2,
638958,24,15,Big Smoky,Ann Sutherland,4,
640597,282,281,Main Lines Lines,Applewood,2,
640709,188,184,Little Smoky,J. Sihan,1,
641069,323,295,Big Smoky,J. Sihan,4,
641343,181,180,Little Smoky,S.H. Mcdonall,1,
643422,34,34,Little Smoky,Erik Anderson,1,
643473,118,90,Main Lines Lines,Ann Sutherland,1,
643898,254,243,Big Smoky,M. Barack,4,
644393,291,263,Main Lines Lines,Ann Sutherland,4,
644637,594,566,Main Line,Alisha Applewood,3,
644707,103,102,Main Lines Lines,Ann Sutherland,2,
644740,102,74,Big Smoky,Erik Anderson,2,
645109,73,73,Main Lines Lines,Applewood,3,
645133,196,130,Big Smoky,Jonah Smith,2,
645237,196,194,Big Smoky,Erik Anderson,1,
645844,422,394,Main Line,Alisha Applewood,3,
646272,287,282,Main Lines Lines,Erik Anderson,8,
647075,160,160,Little Smoky,Alisha Applewood,3,
647140,188,150,Little Smoky,Jonah Smith,1,
647523,104,101,Main Lines Lines,Alisha Applewood,2,
648095,702,674,Main Line,J. Sihan,4,
648369,402,395,Main Lines Lines,S.H. Mcdonall,4,
648735,169,141,Little Smoky,Erik Anderson,3,
649151,141,132,Little Smoky,Jonah Smith,4,
649860,527,499,Main Lines Lines,Joe Brown,3,
650400,465,437,Main Lines Lines,Applewood,3,
651794,24,23,Main Line,Ann Sutherland,2,
651852,306,278,Main Line,S. Ready,1,
652674,146,143,Little Smoky,Ann Sutherland,2,
652847,121,119,Main Line,S.H. Mcdonall,4,
653203,288,210,Big Smoky,Jonah Smith,1,
653609,321,320,Little Smoky,Ann Sutherland,1,
654125,65,37,Main Line,Joe Brown,2,
654195,298,270,Main Lines Lines,Erik Anderson,2,
655538,21,12,Main Line,Applewood,4,
655764,422,410,Big Smoky,Applewood,2,
656035,184,180,Little Smoky,Jonah Smith,1,
656105,129,101,Big Smoky,Erik Anderson,1,
656571,20,3,Little Smoky,Alisha Applewood,4,
657233,30,7,Big Smoky,S. Ready,1,
657716,582,554,Little Smoky,Erik Anderson,4,
658399,487,483,Main Lines Lines,Ann Sutherland,3,
659422,326,313,Little Smoky,Applewood,2,
659929,276,267,Main Line,Joe Brown,1,
660077,81,53,Little Smoky,M. Barack,4,
660116,249,221,Little Smoky,Erik Anderson,4,
660143,423,395,Main Lines Lines,Joe Brown,2,
660248,214,213,Main Lines Lines,Ann Sutherland,4,
660261,33,10,Main Lines Lines,S. Ready,1,
660322,129,120,Main Lines Lines,Jonah Smith,3,
661075,180,180,Main Line,Joe Brown,1,
661647,483,455,Main Line,Applewood,2,
661931,102,98,Main Line,Applewood,2,
662331,109,108,Main Lines Lines,Applewood,3,
662543,459,447,Main Lines Lines,Alisha Applewood,3,
663350,180,177,Main Line,S. Ready,3,
663544,218,212,Little Smoky,Erik Anderson,3,
663629,598,570,Main Line,Ann Sutherland,4,
663645,88,85,Little Smoky,Applewood,1,
663900,232,204,Main Line,Alisha Applewood,2,
664144,69,68,Little Smoky,Alisha Applewood,3,
664478,147,145,Main Lines Lines,M. Barack,4,
666326,411,393,Main Line,Erik Anderson,1,
667061,368,340,Main Line,Applewood,3,
667577,122,94,Main Lines Lines,Erik Anderson,2,
667882,132,104,Big Smoky,J. Sihan,3,
668265,416,388,Little Smoky,Erik Anderson,1,
668507,346,330,Little Smoky,Jonah Smith,1,
668596,25,2,Main Lines Lines,Ann Sutherland,2,
668648,425,415,Big Smoky,S.H. Mcdonall,3,
668919,305,291,Big Smoky,Applewood,3,
669368,75,74,Little Smoky,Alisha Applewood,2,
669892,191,163,Main Line,M. Barack,3,
670964,407,400,Little Smoky,S.H. Mcdonall,4,
670995,115,111,Big Smoky,Applewood,3,
671391,172,165,Main Line,Jonah Smith,4,
671556,317,317,Main Lines Lines,M. Barack,3,
671589,82,76,Big Smoky,Jonah Smith,2,
671862,358,347,Main Lines Lines,S.H. Mcdonall,1,
672021,386,372,Little Smoky,M. Barack,2,
672890,82,80,Main Line,J. Sihan,3,
674265,263,235,Big Smoky,J. Sihan,4,
674950,207,160,Big Smoky,Jonah Smith,3,
675678,319,291,Little Smoky,Applewood,2,
676213,329,322,Main Lines Lines,S.H. Mcdonall,1,
676302,596,568,Big Smoky,Alisha Applewood,3,
676624,149,149,Main Line,J. Sihan,2,
676721,223,213,Little Smoky,S. Ready,3,
677669,197,197,Main Line,S. Ready,4,
678340,283,282,Main Lines Lines,Ann Sutherland,2,
678558,133,127,Little Smoky,S. Ready,3,
678720,21,21,Main Line,Joe Brown,3,
679113,280,252,Main Lines Lines,Alisha Applewood,4,
680281,304,298,Main Line,Ann Sutherland,4,
680777,165,159,Main Line,Ann Sutherland,2,
680992,581,570,Main Lines Lines,Erik Anderson,1,
681350,12,9,Main Lines Lines,S.H. Mcdonall,3,
681723,475,447,Little Smoky,Joe Brown,4,
681915,258,246,Big Smoky,Alisha Applewood,4,
682079,529,511,Little Smoky,Erik Anderson,2,
682109,231,156,Little Smoky,Jonah Smith,4,
683006,107,103,Main Line,S. Ready,2,
683385,667,650,Main Line,Alisha Applewood,3,
683452,253,246,Main Line,S.H. Mcdonall,2,
683513,666,638,Little Smoky,Ann Sutherland,2,
683728,278,265,Big Smoky,J. Sihan,4,
683993,174,168,Big Smoky,Alisha Applewood,3,
684231,49,47,Main Lines Lines,Erik Anderson,3,
684283,254,226,Little Smoky,Erik Anderson,1,
684317,323,312,Main Lines Lines,Joe Brown,3,
684364,721,693,Main Line,J. Sihan,3,
685638,705,677,Big Smoky,S. Ready,1,
685837,272,244,Little Smoky,S. Ready,4,
685958,26,26,Main Line,S. Ready,1,
686108,128,100,Little Smoky,Erik Anderson,3,
686122,219,134,Main Lines Lines,Jonah Smith,2,
686447,538,527,Big Smoky,S.H. Mcdonall,3,
686713,494,486,Little Smoky,Erik Anderson,1,
686723,178,174,Little Smoky,S.H. Mcdonall,1,
687136,497,482,Main Line,S.H. Mcdonall,2,
687662,524,503,Big Smoky,S. Ready,3,
687734,16,15,Big Smoky,Alisha Applewood,1,
688422,260,251,Big Smoky,S.H. Mcdonall,1,
689954,13,13,Main Lines Lines,S. Ready,3,
690185,713,691,Main Line,S. Ready,1,
690460,308,299,Big Smoky,S.H. Mcdonall,2,
690528,157,129,Big Smoky,S.H. Mcdonall,3,
690964,223,214,Main Line,Applewood,2,
691721,517,506,Main Lines Lines,S. Ready,2,
692577,125,110,Little Smoky,Jonah Smith,3,
692910,250,222,Big Smoky,Joe Brown,3,
692955,94,91,Big Smoky,Erik Anderson,3,
693581,209,181,Little Smoky,Alisha Applewood,1,
693986,328,300,Big Smoky,Erik Anderson,1,
694014,147,119,Main Line,Erik Anderson,4,
694604,342,327,Main Lines Lines,Erik Anderson,1,
695617,205,177,Main Lines Lines,S. Ready,2,
695693,156,150,Main Line,M. Barack,1,
695969,548,520,Little Smoky,Joe Brown,4,
696055,470,458,Main Lines Lines,Erik Anderson,3,
698057,254,226,Big Smoky,J. Sihan,4,
698286,173,166,Little Smoky,S.H. Mcdonall,2,
698460,139,111,Little Smoky,M. Barack,4,
700864,215,213,Main Line,Erik Anderson,2,
700886,235,106,Main Line,Jonah Smith,1,
700900,23,21,Main Line,S.H. Mcdonall,3,
700951,306,294,Main Line,Ann Sutherland,1,
702400,169,164,Main Lines Lines,Ann Sutherland,1,
702630,410,408,Main Line,S. Ready,3,
702944,361,333,Main Lines Lines,Ann Sutherland,2,
704094,307,279,Main Line,S. Ready,2,
704210,294,290,Big Smoky,Erik Anderson,3,
704372,178,150,Main Line,J. Sihan,1,
704957,721,300,Main Line,Jonah Smith,4,
705000,335,307,Main Line,J. Sihan,4,
705374,125,120,Main Line,Joe Brown,2,
705511,534,509,Big Smoky,Jonah Smith,4,
705854,237,237,Main Line,S. Ready,4,
705896,475,447,Little Smoky,Alisha Applewood,2,
706279,277,249,Main Line,Erik Anderson,1,
707933,128,128,Main Line,S. Ready,4,
708021,486,458,Little Smoky,J. Sihan,3,
709620,344,316,Big Smoky,Alisha Applewood,2,
709955,90,62,Big Smoky,J. Sihan,4,
710018,127,122,Little Smoky,Jonah Smith,2,
710159,275,217,Main Lines Lines,Jonah Smith,3,
710380,511,504,Main Line,S. Ready,4,
710425,43,30,Main Line,Erik Anderson,3,
711299,49,21,Main Lines Lines,Ann Sutherland,4,
711463,269,241,Main Line,M. Barack,2,
711534,34,7,Big Smoky,J. Sihan,4,
712844,214,186,Main Line,Alisha Applewood,1,
713072,209,202,Little Smoky,Joe Brown,1,
713508,30,30,Big Smoky,J. Sihan,3,
713517,239,239,Main Line,Ann Sutherland,2,
713669,640,619,Main Line,S. Ready,1,
713992,97,69,Main Line,J. Sihan,4,
714413,257,254,Main Lines Lines,Ann Sutherland,4,
714935,539,537,Main Line,S. Ready,3,
715181,524,504,Big Smoky,S.H. Mcdonall,3,
715942,103,99,Main Line,Jonah Smith,1,
716869,534,506,Little Smoky,Joe Brown,2,
717969,795,771,Main Line,Erik Anderson,3,
718197,277,265,Little Smoky,Alisha Applewood,2,
718408,67,60,Main Lines Lines,Jonah Smith,2,
718836,270,242,Big Smoky,Joe Brown,4,
719447,113,10,Little Smoky,Alisha Applewood,3,
719775,253,225,Main Lines Lines,M. Barack,4,
720738,656,629,Main Line,Erik Anderson,4,
720952,81,53,Little Smoky,J. Sihan,2,
721059,105,103,Big Smoky,M. Barack,2,
721697,142,142,Big Smoky,S. Ready,1,
722329,181,176,Little Smoky,M. Barack,3,
722646,225,197,Main Line,J. Sihan,2,
723302,227,199,Big Smoky,Erik Anderson,3,
723314,247,219,Main Lines Lines,Alisha Applewood,1,
723888,25,24,Main Line,Jonah Smith,2,
724162,79,77,Main Lines Lines,S.H. Mcdonall,3,
725008,423,423,Big Smoky,Applewood,4,
725234,43,43,Main Line,Applewood,3,
725703,675,665,Little Smoky,Jonah Smith,1,
726141,41,30,Big Smoky,Alisha Applewood,2,
726141,41,13,Big Smoky,Alisha Applewood,2,
726521,298,295,Big Smoky,S. Ready,3,
727377,295,267,Main Lines Lines,S. Ready,1,
727455,296,268,Big Smoky,Alisha Applewood,4,
727808,409,405,Main Lines Lines,S.H. Mcdonall,3,
727990,351,323,Big Smoky,Alisha Applewood,2,
729569,205,177,Main Line,Applewood,4,
729910,154,126,Big Smoky,Joe Brown,2,
730100,490,462,Main Line,Applewood,3,
730971,495,487,Main Line,Joe Brown,1,
733051,318,290,Little Smoky,Applewood,1,
733215,208,122,Main Line,Jonah Smith,3,
733513,260,232,Big Smoky,S.H. Mcdonall,4,
734183,284,278,Little Smoky,Alisha Applewood,1,
734458,328,322,Main Line,M. Barack,1,
735231,145,117,Little Smoky,M. Barack,3,
735277,283,255,Main Line,J. Sihan,1,
736050,196,168,Big Smoky,M. Barack,2,
736267,311,283,Main Lines Lines,S. Ready,3,
736368,225,220,Little Smoky,J. Sihan,2,
736668,163,163,Main Lines Lines,Applewood,3,
737577,189,187,Main Lines Lines,S.H. Mcdonall,3,
737795,498,470,Main Lines Lines,Joe Brown,2,
739161,348,320,Little Smoky,S.H. Mcdonall,4,
739659,559,531,Little Smoky,S. Ready,4,
739973,185,182,Little Smoky,Alisha Applewood,1,
741309,40,12,Big Smoky,Applewood,2,
742153,501,494,Main Line,Joe Brown,4,
742223,114,86,Main Lines Lines,Ann Sutherland,2,
742379,576,560,Main Lines Lines,M. Barack,3,
742640,506,478,Main Lines Lines,S. Ready,2,
742940,500,484,Main Lines Lines,Alisha Applewood,4,
743289,451,446,Main Line,S.H. Mcdonall,3,
745149,456,428,Main Lines Lines,Erik Anderson,1,
745158,140,135,Big Smoky,M. Barack,1,
745696,174,167,Little Smoky,Ann Sutherland,1,
745901,35,35,Main Lines Lines,Alisha Applewood,3,
746409,407,379,Main Line,Erik Anderson,2,
746784,414,386,Main Lines Lines,Erik Anderson,2,
746887,584,323,Little Smoky,Jonah Smith,4,
747538,216,209,Little Smoky,S.H. Mcdonall,2,
748270,248,240,Little Smoky,Applewood,1,
748816,293,291,Main Lines Lines,M. Barack,4,
749178,408,380,Main Line,Applewood,1,
749204,238,238,Main Lines Lines,Alisha Applewood,2,
749425,159,153,Main Lines Lines,M. Barack,2,
749495,89,89,Main Line,S. Ready,3,
749687,23,23,Little Smoky,S. Ready,2,
750112,0,0,Little Smoky,Jonah Smith,1,
750337,53,52,Main Lines Lines,M. Barack,2,
750419,202,174,Main Lines Lines,Applewood,3,
750801,413,407,Main Line,Applewood,1,
750947,117,117,Big Smoky,M. Barack,3,
750990,301,273,Main Lines Lines,Ann Sutherland,4,
751064,291,279,Big Smoky,Erik Anderson,3,
751385,394,391,Little Smoky,S. Ready,4,
753256,114,112,Little Smoky,Ann Sutherland,4,
753521,442,426,Main Line,Joe Brown,4,
753861,536,508,Main Lines Lines,S.H. Mcdonall,3,
754558,28,3,Big Smoky,Erik Anderson,2,
755134,120,23,Main Lines Lines,Applewood,4,
756108,83,82,Main Line,M. Barack,1,
756136,22,21,Main Lines Lines,S. Ready,4,
756626,357,341,Little Smoky,Ann Sutherland,4,
757004,755,727,Main Lines Lines,S.H. Mcdonall,1,
757172,278,272,Main Lines Lines,Alisha Applewood,3,
757319,717,716,Main Lines Lines,S. Ready,1,
757359,119,118,Main Line,Alisha Applewood,4,
758258,47,45,Main Line,Applewood,2,
758517,289,288,Little Smoky,J. Sihan,4,
759095,264,236,Little Smoky,Ann Sutherland,1,
759957,472,430,Main Lines Lines,Jonah Smith,3,
759966,170,142,Little Smoky,Ann Sutherland,3,
760163,410,407,Main Lines Lines,Joe Brown,2,
760261,527,520,Big Smoky,M. Barack,4,
761057,327,299,Big Smoky,S. Ready,1,
761207,535,507,Little Smoky,Applewood,1,
761501,382,374,Little Smoky,Applewood,4,
762011,463,442,Little Smoky,S. Ready,4,
762696,157,153,Main Line,Erik Anderson,3,
762888,196,168,Main Lines Lines,J. Sihan,2,
762919,650,620,Little Smoky,Alisha Applewood,2,
763481,245,217,Little Smoky,Applewood,2,
763520,389,361,Big Smoky,M. Barack,3,
763868,53,25,Little Smoky,S. Ready,3,
764214,181,153,Main Line,Ann Sutherland,3,
764473,14,14,Main Lines Lines,Alisha Applewood,3,
765228,147,119,Main Lines Lines,Ann Sutherland,3,
765631,64,61,Main Lines Lines,Joe Brown,1,
766153,215,200,Big Smoky,Jonah Smith,2,
766230,44,40,Main Lines Lines,Jonah Smith,1,
766619,230,229,Big Smoky,Alisha Applewood,2,
766621,267,239,Big Smoky,Erik Anderson,3,
766754,104,103,Main Line,Alisha Applewood,1,
767129,156,152,Main Lines Lines,Alisha Applewood,2,
767206,207,170,Big Smoky,Jonah Smith,3,
767353,344,336,Big Smoky,Applewood,1,
767385,107,79,Little Smoky,Ann Sutherland,3,
767961,10,10,Little Smoky,S.H. Mcdonall,2,
768950,134,133,Little Smoky,Joe Brown,1,
769124,194,189,Main Lines Lines,S.H. Mcdonall,1,
769297,59,31,Main Line,Alisha Applewood,2,
769955,494,412,Big Smoky,Jonah Smith,2,
770733,36,35,Little Smoky,M. Barack,2,
771041,19,13,Main Line,Jonah Smith,1,
771700,184,184,Big Smoky,Joe Brown,3,
772451,584,559,Main Lines Lines,S.H. Mcdonall,1,
772597,225,210,Main Lines Lines,Jonah Smith,2,
772653,257,252,Main Lines Lines,S. Ready,2,
773114,758,730,Main Lines Lines,M. Barack,2,
773124,461,442,Big Smoky,M. Barack,2,
773806,80,52,Main Line,J. Sihan,2,
773905,527,516,Main Lines Lines,M. Barack,3,
773926,87,59,Little Smoky,Applewood,2,
774027,317,314,Little Smoky,Jonah Smith,4,
774305,196,190,Little Smoky,Jonah Smith,2,
774439,14,13,Main Lines Lines,Ann Sutherland,2,
774441,139,111,Main Line,Jonah Smith,4,
776521,36,36,Main Lines Lines,M. Barack,4,
776835,319,315,Main Lines Lines,Ann Sutherland,1,
777231,195,195,Main Lines Lines,Applewood,1,
777702,318,290,Big Smoky,Joe Brown,2,
777781,76,48,Main Line,Applewood,1,
777940,50,34,Little Smoky,Jonah Smith,2,
778039,16,16,Main Line,S. Ready,4,
778280,130,130,Big Smoky,S.H. Mcdonall,3,
778349,415,409,Little Smoky,J. Sihan,4,
778695,219,209,Big Smoky,Joe Brown,2,
779135,294,292,Big Smoky,Alisha Applewood,2,
779361,234,231,Main Line,Jonah Smith,3,
779445,127,99,Main Lines Lines,M. Barack,3,
779785,357,354,Main Line,Erik Anderson,2,
779951,132,127,Little Smoky,Joe Brown,4,
780269,745,713,Big Smoky,Applewood,3,
780960,271,243,Main Line,Applewood,1,
781931,282,145,Main Lines Lines,Jonah Smith,3,
782357,163,156,Big Smoky,Ann Sutherland,1,
782394,38,32,Main Line,Jonah Smith,3,
782887,83,55,Little Smoky,Ann Sutherland,4,
784097,545,530,Main Line,Alisha Applewood,1,
784512,208,170,Main Lines Lines,Jonah Smith,2,
786669,217,189,Main Line,Ann Sutherland,4,
787437,256,228,Big Smoky,Applewood,1,
789125,438,410,Big Smoky,Erik Anderson,1,
789229,325,297,Big Smoky,Erik Anderson,4,
789630,618,592,Main Line,Joe Brown,3,
789779,436,400,Main Lines Lines,Jonah Smith,3,
790605,177,171,Big Smoky,Joe Brown,3,
790618,113,110,Main Line,J. Sihan,1,
791091,94,91,Main Lines Lines,Alisha Applewood,2,
791310,31,12,Little Smoky,Ann Sutherland,1,
791726,53,51,Little Smoky,M. Barack,3,
791822,421,393,Little Smoky,Joe Brown,2,
792196,243,100,Big Smoky,Jonah Smith,2,
793153,209,204,Main Line,Applewood,4,
793687,26,26,Main Line,Erik Anderson,3,
793967,406,34,Main Line,Jonah Smith,2,
793967,339,311,Main Line,S.H. Mcdonall,1,
794134,460,460,Main Line,S.H. Mcdonall,1,
794378,84,56,Little Smoky,J. Sihan,2,
794812,65,65,Main Line,M. Barack,3,
794907,23,12,Big Smoky,Applewood,1,
795765,490,485,Main Line,Ann Sutherland,3,
796804,643,615,Little Smoky,Ann Sutherland,2,
797130,365,337,Main Line,Ann Sutherland,3,
797909,171,167,Main Lines Lines,Erik Anderson,1,
797980,281,272,Little Smoky,S. Ready,1,
798999,297,296,Main Lines Lines,Alisha Applewood,4,
799308,56,56,Main Line,M. Barack,3,
799853,429,23,Main Lines Lines,Jonah Smith,4,
800075,416,401,Little Smoky,Erik Anderson,3,
800882,295,267,Big Smoky,Applewood,2,
801702,68,66,Main Lines Lines,Alisha Applewood,3,
801990,96,68,Big Smoky,S. Ready,1,
803085,255,244,Little Smoky,M. Barack,3,
803177,117,89,Big Smoky,Joe Brown,1,
803362,27,27,Little Smoky,Joe Brown,4,
803915,428,400,Main Line,Erik Anderson,4,
803923,228,226,Little Smoky,S. Ready,1,
804028,336,336,Main Lines Lines,Applewood,3,
804196,149,144,Main Lines Lines,J. Sihan,4,
804343,435,420,Little Smoky,S.H. Mcdonall,3,
804457,177,149,Main Lines Lines,S. Ready,3,
804694,50,22,Little Smoky,M. Barack,4,
805038,280,267,Big Smoky,S. Ready,1,
805879,453,425,Big Smoky,S. Ready,1,
807197,580,552,Main Line,M. Barack,3,
807604,390,378,Big Smoky,Joe Brown,1,
808036,203,175,Main Line,Applewood,1,
808245,326,200,Main Lines Lines,Jonah Smith,1,
808266,212,208,Main Lines Lines,Ann Sutherland,1,
809804,82,82,Main Line,Alisha Applewood,4,
811454,587,559,Little Smoky,Applewood,3,
812471,251,240,Little Smoky,J. Sihan,1,
813137,347,332,Main Lines Lines,S.H. Mcdonall,2,
813257,160,153,Big Smoky,Ann Sutherland,1,
813301,261,252,Main Line,Erik Anderson,1,
813658,287,259,Main Line,Applewood,2,
813845,259,251,Little Smoky,Applewood,1,
814826,66,66,Main Line,M. Barack,1,
815686,66,64,Main Lines Lines,M. Barack,4,
815698,237,234,Main Line,J. Sihan,4,
815761,519,491,Main Lines Lines,S. Ready,3,
815859,95,67,Big Smoky,Erik Anderson,3,
816544,392,364,Main Line,M. Barack,4,
816689,350,347,Main Lines Lines,Erik Anderson,2,
816969,97,69,Main Line,S.H. Mcdonall,1,
817216,426,410,Big Smoky,Joe Brown,2,
817421,470,450,Big Smoky,S. Ready,3,
817716,116,88,Main Line,S.H. Mcdonall,1,
817722,243,215,Main Line,Alisha Applewood,4,
817754,367,339,Main Lines Lines,J. Sihan,4,
818132,68,40,Main Line,Erik Anderson,4,
818847,216,207,Main Line,Alisha Applewood,3,
819567,199,171,Main Lines Lines,J. Sihan,3,
819740,161,133,Main Line,Ann Sutherland,3,
820960,278,250,Main Line,S. Ready,4,
821041,334,124,Big Smoky,Jonah Smith,4,
821052,336,308,Main Lines Lines,Erik Anderson,2,
821494,238,210,Main Line,Alisha Applewood,4,
821906,448,420,Little Smoky,Ann Sutherland,2,
822342,315,287,Main Line,Ann Sutherland,2,
824191,354,326,Main Line,J. Sihan,1,
824252,380,370,Main Lines Lines,Applewood,2,
824345,25,25,Main Line,M. Barack,2,
824849,11,11,Big Smoky,M. Barack,1,
825000,19,19,Little Smoky,Joe Brown,1,
825121,260,232,Main Lines Lines,J. Sihan,3,
825523,447,443,Main Lines Lines,S. Ready,1,
826098,94,66,Main Line,S.H. Mcdonall,2,
827263,21,20,Main Lines Lines,Ann Sutherland,3,
827265,143,141,Main Lines Lines,J. Sihan,4,
827997,260,260,Little Smoky,Joe Brown,4,
828258,70,68,Little Smoky,J. Sihan,3,
828417,7,8,Big Smoky,S.H. Mcdonall,4,
828828,349,335,Little Smoky,S. Ready,4,
828858,353,341,Little Smoky,Joe Brown,4,
829005,312,312,Main Lines Lines,Joe Brown,1,
829307,93,92,Main Line,Applewood,3,
829321,312,284,Big Smoky,Ann Sutherland,2,
830838,292,178,Main Lines Lines,Jonah Smith,3,
831688,390,375,Main Lines Lines,Joe Brown,2,
832588,431,403,Main Line,Alisha Applewood,4,
832653,776,741,Main Lines Lines,S.H. Mcdonall,2,
833181,168,161,Main Line,Joe Brown,2,
833190,535,245,Main Line,Jonah Smith,2,
833203,189,167,Big Smoky,Jonah Smith,1,
833240,249,248,Main Line,Applewood,4,
833240,300,295,Big Smoky,Joe Brown,4,
833361,269,265,Little Smoky,J. Sihan,1,
833506,204,176,Little Smoky,S. Ready,3,
833610,127,99,Little Smoky,Alisha Applewood,3,
833916,59,40,Main Lines Lines,Jonah Smith,3,
834306,46,18,Big Smoky,M. Barack,4,
834331,17,17,Main Line,S. Ready,2,
834396,213,126,Main Line,Jonah Smith,3,
834420,425,397,Little Smoky,Joe Brown,3,
834544,67,39,Main Lines Lines,M. Barack,2,
835781,209,205,Little Smoky,Ann Sutherland,4,
836013,294,200,Little Smoky,Jonah Smith,2,
836097,668,647,Big Smoky,S. Ready,4,
836382,561,533,Main Line,J. Sihan,4,
836510,469,441,Little Smoky,Ann Sutherland,1,
837958,247,219,Main Lines Lines,S. Ready,4,
838374,181,153,Little Smoky,M. Barack,3,
839079,371,356,Main Lines Lines,Joe Brown,1,
839651,204,176,Main Line,S. Ready,3,
840011,530,509,Little Smoky,Joe Brown,4,
840234,329,301,Big Smoky,M. Barack,4,
840397,63,35,Big Smoky,Alisha Applewood,4,
840597,304,298,Main Lines Lines,J. Sihan,2,
840969,329,301,Main Lines Lines,J. Sihan,4,
841256,169,162,Main Lines Lines,J. Sihan,3,
842911,618,598,Main Line,J. Sihan,1,
844163,12,12,Main Lines Lines,Alisha Applewood,3,
844395,15,2,Main Line,S. Ready,1,
844545,267,264,Main Lines Lines,S.H. Mcdonall,2,
844588,378,368,Main Lines Lines,J. Sihan,1,
846752,19,18,Little Smoky,M. Barack,2,
846782,719,685,Little Smoky,J. Sihan,3,
847354,100,100,Big Smoky,M. Barack,4,
848440,609,591,Main Lines Lines,M. Barack,4,
848502,502,484,Big Smoky,Alisha Applewood,1,
848966,67,67,Main Lines Lines,Ann Sutherland,1,
850272,761,744,Main Line,Alisha Applewood,2,
850986,217,189,Big Smoky,Joe Brown,4,
851044,29,23,Little Smoky,Jonah Smith,2,
851078,136,131,Little Smoky,J. Sihan,4,
851842,100,72,Big Smoky,S.H. Mcdonall,4,
852629,251,223,Main Lines Lines,Joe Brown,3,
852995,198,170,Little Smoky,Applewood,3,
853541,102,99,Big Smoky,Alisha Applewood,4,
853848,324,296,Main Lines Lines,Applewood,2,
854113,494,472,Little Smoky,Applewood,4,
854189,274,262,Main Line,J. Sihan,3,
856282,219,213,Main Line,Erik Anderson,2,
856532,195,191,Main Lines Lines,J. Sihan,1,
857104,11,10,Main Line,S. Ready,1,
857775,23,13,Little Smoky,J. Sihan,4,
857905,383,355,Big Smoky,Erik Anderson,3,
858791,396,389,Little Smoky,M. Barack,1,
859003,718,690,Little Smoky,Ann Sutherland,4,
859639,259,222,Little Smoky,Jonah Smith,1,
859845,215,211,Main Line,Applewood,2,
860208,191,190,Little Smoky,Ann Sutherland,2,
860917,74,73,Main Lines Lines,M. Barack,2,
861062,118,115,Little Smoky,M. Barack,4,
861393,33,33,Little Smoky,Alisha Applewood,2,
861401,695,667,Little Smoky,Ann Sutherland,2,
861407,662,655,Little Smoky,Joe Brown,2,
861838,430,402,Little Smoky,Ann Sutherland,4,
862696,30,12,Main Line,Jonah Smith,2,
862836,64,64,Main Line,Joe Brown,2,
862974,217,209,Big Smoky,M. Barack,2,
863950,368,340,Little Smoky,Applewood,2,
864086,261,256,Main Line,Ann Sutherland,4,
864145,34,34,Main Line,Erik Anderson,4,
864415,257,229,Big Smoky,Joe Brown,4,
865191,194,166,Big Smoky,J. Sihan,3,
865467,254,247,Big Smoky,Applewood,4,
865937,289,280,Main Line,Alisha Applewood,1,
866710,101,73,Main Line,Alisha Applewood,1,
866992,147,119,Main Lines Lines,Ann Sutherland,3,
867229,209,209,Main Line,J. Sihan,3,
867253,290,262,Big Smoky,Joe Brown,1,
868107,268,256,Main Line,Jonah Smith,3,
868476,319,309,Main Lines Lines,M. Barack,1,
869841,481,453,Main Line,M. Barack,4,
870060,61,33,Main Line,S.H. Mcdonall,1,
870751,332,328,Little Smoky,Ann Sutherland,3,
870999,270,268,Main Lines Lines,Alisha Applewood,2,
871230,137,122,Main Line,Jonah Smith,4,
871255,503,482,Little Smoky,Alisha Applewood,3,
871588,560,532,Main Line,M. Barack,3,
871711,542,514,Main Line,Erik Anderson,2,
871803,40,40,Main Lines Lines,S.H. Mcdonall,4,
872170,249,221,Big Smoky,Ann Sutherland,1,
873133,224,221,Main Lines Lines,Joe Brown,2,
873318,469,441,Big Smoky,S.H. Mcdonall,1,
873917,268,240,Main Line,Alisha Applewood,3,
875085,124,96,Main Lines Lines,S. Ready,2,
875361,36,23,Main Lines Lines,Jonah Smith,4,
875441,95,66,Main Lines Lines,Jonah Smith,4,
875911,60,32,Main Lines Lines,M. Barack,2,
875986,198,195,Main Line,Joe Brown,4,
876139,145,141,Main Line,Alisha Applewood,1,
876339,165,137,Main Line,Alisha Applewood,2,
876800,236,231,Little Smoky,Jonah Smith,4,
877056,284,276,Main Lines Lines,Alisha Applewood,3,
877931,695,683,Main Line,J. Sihan,4,
879511,182,154,Main Line,S. Ready,2,
879877,243,240,Main Line,Joe Brown,4,
880080,331,326,Big Smoky,M. Barack,3,
880164,246,218,Little Smoky,J. Sihan,4,
880909,89,88,Little Smoky,Applewood,3,
881252,186,181,Main Lines Lines,Erik Anderson,4,
881616,35,14,Big Smoky,Alisha Applewood,3,
881779,111,109,Little Smoky,Applewood,2,
881966,530,519,Main Line,J. Sihan,4,
882239,35,20,Little Smoky,J. Sihan,3,
882324,715,500,Main Line,Jonah Smith,3,
882867,461,445,Main Lines Lines,J. Sihan,1,
882992,283,255,Little Smoky,Alisha Applewood,4,
883836,343,336,Main Line,Ann Sutherland,2,
884541,308,303,Main Line,S.H. Mcdonall,4,
885077,65,63,Main Lines Lines,S. Ready,3,
885676,218,209,Little Smoky,Alisha Applewood,4,
885860,227,199,Main Lines Lines,S.H. Mcdonall,1,
886108,203,175,Little Smoky,Alisha Applewood,3,
886376,220,216,Little Smoky,Joe Brown,3,
886389,331,303,Big Smoky,Ann Sutherland,3,
886627,453,425,Main Lines Lines,S. Ready,4,
888189,306,302,Little Smoky,Applewood,3,
889896,468,440,Big Smoky,Joe Brown,2,
890325,22,22,Main Lines Lines,J. Sihan,1,
893207,666,650,Big Smoky,Joe Brown,2,
893337,91,91,Little Smoky,Alisha Applewood,1,
893436,514,486,Big Smoky,M. Barack,2,
893743,130,128,Main Line,Alisha Applewood,1,
893822,180,155,Big Smoky,Jonah Smith,4,
894170,25,24,Little Smoky,S.H. Mcdonall,4,
894231,367,359,Big Smoky,S. Ready,2,
895498,221,134,Main Lines Lines,Jonah Smith,2,
895853,71,43,Main Line,Alisha Applewood,2,
896605,224,196,Main Lines Lines,S.H. Mcdonall,4,
897882,426,425,Main Lines Lines,Erik Anderson,4,
898348,86,84,Main Line,S.H. Mcdonall,4,
898422,341,313,Big Smoky,Ann Sutherland,3,
899364,416,388,Big Smoky,Ann Sutherland,3,
899501,199,171,Main Line,M. Barack,1,
900273,234,206,Little Smoky,Alisha Applewood,3,
900551,47,19,Little Smoky,Applewood,3,
900722,604,586,Big Smoky,J. Sihan,2,
901604,52,51,Main Lines Lines,Alisha Applewood,4,
902024,375,347,Main Line,J. Sihan,3,
902063,730,721,Little Smoky,Applewood,3,
902134,91,63,Big Smoky,Joe Brown,4,
903685,61,50,Main Lines Lines,Jonah Smith,4,
903769,331,327,Big Smoky,S. Ready,2,
903818,606,593,Little Smoky,Joe Brown,4,
904101,352,324,Main Line,Applewood,2,
904967,139,111,Main Lines Lines,Joe Brown,3,
906522,409,408,Main Lines Lines,Erik Anderson,4,
906655,258,211,Main Lines Lines,Jonah Smith,3,
907262,176,173,Main Lines Lines,S.H. Mcdonall,2,
909397,592,573,Big Smoky,Applewood,1,
909843,85,57,Main Lines Lines,Erik Anderson,1,
911026,300,292,Main Lines Lines,Erik Anderson,3,
911367,428,400,Main Line,Jonah Smith,3,
911531,274,246,Main Lines Lines,J. Sihan,1,
912635,100,100,Little Smoky,Joe Brown,3,
912951,177,173,Big Smoky,S.H. Mcdonall,3,
913962,176,148,Little Smoky,Applewood,4,
915402,133,131,Big Smoky,S.H. Mcdonall,4,
916738,225,214,Big Smoky,Joe Brown,4,
916901,194,188,Main Lines Lines,S.H. Mcdonall,4,
917400,521,519,Little Smoky,Alisha Applewood,3,
917853,340,336,Main Lines Lines,Ann Sutherland,1,
919028,248,245,Little Smoky,Alisha Applewood,1,
920321,99,98,Big Smoky,M. Barack,1,
921498,250,242,Main Line,M. Barack,4,
922167,514,486,Little Smoky,Applewood,1,
922348,694,661,Main Lines Lines,Alisha Applewood,1,
922430,122,100,Little Smoky,Jonah Smith,2,
922785,94,92,Big Smoky,Ann Sutherland,4,
922891,138,110,Big Smoky,Joe Brown,2,
924108,502,487,Little Smoky,M. Barack,1,
924468,176,148,Little Smoky,M. Barack,3,
924521,414,402,Big Smoky,J. Sihan,1,
924583,282,254,Main Line,Joe Brown,3,
924785,251,241,Big Smoky,M. Barack,3,
925181,189,185,Main Line,Ann Sutherland,3,
925591,201,173,Main Line,Alisha Applewood,1,
926516,268,231,Little Smoky,Jonah Smith,1,
926617,289,261,Main Lines Lines,Applewood,2,
926691,489,489,Little Smoky,Applewood,3,
926884,236,200,Main Line,Jonah Smith,1,
927047,78,74,Little Smoky,Erik Anderson,1,
927374,193,165,Main Line,Erik Anderson,4,
927632,121,117,Little Smoky,S. Ready,1,
927905,128,100,Little Smoky,J. Sihan,3,
929154,55,54,Little Smoky,Joe Brown,2,
930660,313,285,Main Lines Lines,S.H. Mcdonall,4,
930675,473,456,Main Lines Lines,M. Barack,4,
930676,154,110,Main Line,Jonah Smith,2,
931658,90,62,Big Smoky,S.H. Mcdonall,1,
933430,257,229,Little Smoky,Applewood,1,
933796,754,754,Little Smoky,S.H. Mcdonall,3,
933935,97,95,Main Lines Lines,Erik Anderson,1,
935698,508,480,Main Line,M. Barack,3,
936481,299,290,Main Line,J. Sihan,2,
937833,23,12,Big Smoky,M. Barack,4,
938010,442,414,Main Line,S. Ready,4,
938571,449,435,Main Line,J. Sihan,2,
938704,45,45,Main Line,J. Sihan,1,
938771,240,212,Little Smoky,M. Barack,4,
939301,163,161,Little Smoky,Joe Brown,2,
940711,177,175,Little Smoky,Alisha Applewood,1,
940718,490,462,Little Smoky,Erik Anderson,4,
940944,463,462,Little Smoky,S. Ready,1,
940971,36,35,Main Line,Joe Brown,1,
940974,124,96,Little Smoky,Joe Brown,1,
943713,252,252,Little Smoky,M. Barack,4,
943732,262,262,Big Smoky,J. Sihan,2,
943787,33,33,Little Smoky,S. Ready,4,
944887,124,17,Big Smoky,Jonah Smith,4,
945087,148,146,Main Lines Lines,Ann Sutherland,3,
945438,495,478,Main Lines Lines,S. Ready,4,
946108,433,405,Big Smoky,Ann Sutherland,3,
946207,421,402,Little Smoky,Applewood,1,
946406,85,57,Little Smoky,Applewood,4,
947356,96,68,Big Smoky,S. Ready,4,
948264,506,478,Main Line,Erik Anderson,2,
948706,91,89,Little Smoky,S.H. Mcdonall,2,
949193,294,294,Main Line,Ann Sutherland,2,
949944,272,261,Little Smoky,Erik Anderson,4,
951071,413,385,Main Line,J. Sihan,2,
952049,281,253,Little Smoky,Applewood,1,
952436,225,221,Little Smoky,S. Ready,4,
952461,619,591,Big Smoky,S.H. Mcdonall,1,
952843,312,134,Main Lines Lines,Jonah Smith,4,
953465,664,652,Main Lines Lines,Applewood,2,
953987,698,677,Main Line,Joe Brown,3,
954536,163,135,Main Line,Applewood,1,
954984,121,120,Main Lines Lines,J. Sihan,4,
955241,388,360,Main Lines Lines,S. Ready,4,
955293,141,136,Little Smoky,Joe Brown,4,
955324,321,176,Main Line,Jonah Smith,3,
955665,775,744,Main Lines Lines,Applewood,4,
955701,128,127,Little Smoky,Joe Brown,4,
955840,287,187,Main Lines Lines,Jonah Smith,1,
956427,80,52,Main Lines Lines,Ann Sutherland,2,
956736,361,333,Main Line,Ann Sutherland,1,
957333,219,191,Little Smoky,Applewood,3,
957391,61,33,Little Smoky,S. Ready,4,
957723,286,258,Big Smoky,J. Sihan,3,
957819,136,108,Big Smoky,J. Sihan,1,
957826,220,192,Big Smoky,S.H. Mcdonall,2,
958746,300,272,Big Smoky,Ann Sutherland,4,
958904,454,426,Little Smoky,S.H. Mcdonall,3,
958951,584,557,Big Smoky,J. Sihan,2,
960036,286,281,Main Lines Lines,Erik Anderson,3,
960316,299,271,Main Lines Lines,M. Barack,4,
961069,128,122,Big Smoky,Applewood,4,
961100,29,22,Big Smoky,Jonah Smith,3,
961839,750,723,Main Line,Erik Anderson,2,
962500,337,330,Main Lines Lines,Applewood,2,
962613,222,216,Main Line,Joe Brown,2,
962933,67,39,Little Smoky,Alisha Applewood,2,
963745,199,199,Main Line,S. Ready,3,
964414,118,114,Little Smoky,J. Sihan,2,
964499,507,479,Main Line,Joe Brown,3,
964570,319,291,Little Smoky,Joe Brown,4,
965886,100,87,Main Line,Jonah Smith,4,
966636,472,444,Little Smoky,J. Sihan,3,
967208,134,120,Main Lines Lines,Jonah Smith,3,
969002,71,70,Main Line,Applewood,3,
969813,125,97,Main Line,S. Ready,4,
970054,220,192,Big Smoky,S.H. Mcdonall,3,
971190,512,506,Main Lines Lines,Erik Anderson,3,
971560,74,46,Main Line,Joe Brown,4,
971618,79,76,Big Smoky,M. Barack,1,
971710,158,130,Little Smoky,J. Sihan,3,
972235,320,307,Main Lines Lines,Applewood,1,
972949,218,190,Big Smoky,Applewood,4,
974221,208,201,Big Smoky,Jonah Smith,3,
974251,210,203,Main Line,S. Ready,4,
974467,324,314,Main Lines Lines,Joe Brown,4,
974724,479,451,Big Smoky,M. Barack,2,
975244,155,150,Big Smoky,Alisha Applewood,1,
975410,33,33,Big Smoky,Ann Sutherland,1,
975638,154,147,Main Line,Erik Anderson,4,
975660,246,218,Big Smoky,J. Sihan,3,
976777,214,204,Main Lines Lines,S. Ready,3,
976895,211,208,Big Smoky,Alisha Applewood,2,
978280,207,203,Main Lines Lines,S. Ready,3,
978364,498,470,Big Smoky,J. Sihan,3,
979350,140,135,Little Smoky,Jonah Smith,1,
979541,272,244,Main Line,Jonah Smith,1,
980113,362,334,Big Smoky,J. Sihan,4,
981441,486,482,Main Lines Lines,M. Barack,1,
981546,272,270,Main Line,Alisha Applewood,3,
981651,716,685,Little Smoky,Erik Anderson,3,
981797,97,69,Little Smoky,Joe Brown,2,
981825,294,282,Little Smoky,J. Sihan,3,
981904,36,23,Main Line,J. Sihan,2,
982104,113,85,Little Smoky,Applewood,1,
982318,193,165,Little Smoky,Joe Brown,3,
983568,217,214,Main Line,Erik Anderson,4,
983981,199,171,Big Smoky,Jonah Smith,2,
984142,187,159,Little Smoky,Jonah Smith,3,
984835,124,96,Big Smoky,Joe Brown,3,
985150,231,230,Big Smoky,Joe Brown,3,
985355,564,540,Little Smoky,Jonah Smith,2,
985939,195,167,Main Line,J. Sihan,1,
986031,554,530,Little Smoky,Jonah Smith,2,
987269,452,448,Main Line,Jonah Smith,2,
987949,285,278,Main Line,Jonah Smith,4,
988210,19,19,Main Line,S. Ready,4,
988751,393,388,Main Line,J. Sihan,3,
989430,519,504,Main Lines Lines,S.H. Mcdonall,3,
989634,177,149,Main Lines Lines,Erik Anderson,1,
989668,252,242,Big Smoky,Applewood,1,
989789,200,195,Big Smoky,Ann Sutherland,1,
990513,151,123,Big Smoky,Ann Sutherland,4,
991463,80,52,Main Line,S.H. Mcdonall,3,
991493,643,620,Main Line,Joe Brown,2,
991661,505,497,Big Smoky,M. Barack,1,
992276,365,358,Main Line,M. Barack,2,
992356,646,646,Big Smoky,J. Sihan,3,
993211,194,166,Main Line,M. Barack,4,
994030,523,495,Big Smoky,Alisha Applewood,2,
994266,131,130,Little Smoky,Joe Brown,3,
994813,96,68,Main Line,J. Sihan,3,
995044,294,266,Big Smoky,J. Sihan,4,
996536,461,443,Big Smoky,Alisha Applewood,3,
996660,305,305,Big Smoky,Jonah Smith,2,
996750,264,236,Main Line,Jonah Smith,3,
998370,131,128,Main Lines Lines,Applewood,4,
998584,169,141,Big Smoky,Joe Brown,4,
999078,533,523,Main Lines Lines,Erik Anderson,3,
999881,121,93,Main Lines Lines,S. Ready,1,
999924,389,382,Little Smoky,Jonah Smith,2,
999935,161,159,Main Line,J. Sihan,4,